Date,Time,HomeTeam,AwayTeam,Status,kickoff_utc,Temperature,Humidity,WindSpeed,Precipitation,WeatherCondition,WeatherDescription,HomeGoalsAve,AwayGoalsAve,HomeWin_Prob,Draw_Prob,AwayWin_Prob,PredictedResult,ModelLean,ModelLeanProbability,Risk_Score,Confidence_Score,Risk_Category,Recommendation,BetRecommendation,BetReason,ExpectedTotalGoals,Over2_5Prob,Under2_5Prob,BTTSProb,MostLikelyScore,PredictionGeneratedAt,OddsHome,OddsDraw,OddsAway,Referee,RefereeCareerGames,RefereeCareerYellow,RefereeCareerRed
2026-09-19,15:30,Nacional,Famalicao,STATUS_SCHEDULED,2026-09-19T14:30:00+00:00,25.715499877929688,54.0,2.118962049484253,0.0,Partly cloudy,Partly cloudy,1.2,0.6,0.46177157296186644,0.24244838674375122,0.29578004029438226,Home Win,Nacional,0.46177157296186644,81.77770945127585,0.18222290548724146,High Risk,No Clear Edge,Bet Home Win,"22.3% edge over market, 80.1% expected value",1.8,0.2694,0.7306,0.3153,1-0,2026-09-16T07:35:05.058520+00:00,3.9,3.4,1.91,Not yet assigned,,,
2026-09-19,15:30,Gil Vicente,Maritimo,STATUS_SCHEDULED,2026-09-19T14:30:00+00:00,30.481000900268555,39.0,2.193171262741089,0.0,Clear sky,Clear sky,0.8,1.2,0.4512889980853213,0.2553295796828621,0.29338142223181657,Home Win,Gil Vicente,0.4512889980853213,83.05114285881177,0.16948857141188223,High Risk,No Clear Edge,Bet Away Win,"5.6% edge over market, 15.6% expected value",2.0,0.3233,0.6767,0.3848,0-1,2026-09-16T07:35:05.058520+00:00,1.96,3.28,3.94,Not yet assigned,,,
2026-09-19,18:00,Alverca,Rio Ave,STATUS_SCHEDULED,2026-09-19T17:00:00+00:00,32.4010009765625,28.0,2.469817876815796,0.0,Mainly clear,Mainly clear,0.8,0.6,0.45549556015892106,0.23728301985326342,0.30722141998781555,Home Win,Alverca,0.45549556015892106,83.04402597879438,0.1695597402120562,High Risk,No Clear Edge,Bet Away Win,"7.4% edge over market, 22.9% expected value",1.4,0.1665,0.8335,0.2485,0-0,2026-09-16T07:35:05.058520+00:00,1.88,3.46,4.0,Not yet assigned,,,
2026-09-19,20:30,Sp Lisbon,Arouca,STATUS_SCHEDULED,2026-09-19T19:30:00+00:00,30.304000854492188,33.0,2.6248810291290283,0.0,Mainly clear,Mainly clear,3.0,2.0,0.4649722163521951,0.2745066897252263,0.2605210939225785,Home Win,Sp Lisbon,0.4649722163521951,80.52779876939645,0.1947220123060355,High Risk,No Clear Edge,Bet Away Win,"17.5% edge over market, 182.7% expected value",5.0,0.8753,0.1247,0.8216,2-1,2026-09-16T07:35:05.058520+00:00,1.21,6.22,10.85,Not yet assigned,,,
2026-09-20,15:30,Guimaraes,Moreirense,STATUS_SCHEDULED,2026-09-20T14:30:00+00:00,33.97500228881836,25.0,0.8062257766723633,0.0,Clear sky,Clear sky,0.6,0.6,0.46158492647397786,0.2458066285579155,0.2926084449681066,Home Win,Guimaraes,0.46158492647397786,81.67794874127662,0.18322051258723374,High Risk,No Clear Edge,No bet,Market odds unavailable; betting value cannot be established.,1.2,0.1205,0.8795,0.2036,0-0,2026-09-16T07:35:05.058520+00:00,,,,Not yet assigned,,,
2026-09-20,15:30,Amadora,Academico Viseu,STATUS_SCHEDULED,2026-09-20T14:30:00+00:00,,,,0.0,Unknown,Unknown,,1.0,0.4753882355574991,0.24732818904956097,0.27728357539293996,Home Win,Amadora,0.4753882355574991,79.27784831222385,0.20722151687776144,Moderate Risk,No Clear Edge,No bet,Market odds unavailable; betting value cannot be established.,,,,,,2026-09-16T07:35:05.058520+00:00,,,,Not yet assigned,,,
2026-09-20,18:00,Santa Clara,Sp Braga,STATUS_SCHEDULED,2026-09-20T17:00:00+00:00,25.73200035095215,52.14450454711914,4.513590335845947,0.0,Mainly clear,Mainly clear,1.0,1.8,0.4694042507599224,0.26813120702186366,0.26246454221821386,Home Win,Santa Clara,0.4694042507599224,79.70023191477871,0.20299768085221298,Moderate Risk,No Clear Edge,No bet,Market odds unavailable; betting value cannot be established.,2.8,0.5305,0.4695,0.5276,0-1,2026-09-16T07:35:05.058520+00:00,,,,Not yet assigned,,,
2026-09-20,18:00,Estoril,Casa Pia,STATUS_SCHEDULED,2026-09-20T17:00:00+00:00,28.84549903869629,38.0,2.8460500240325928,0.0,Mainly clear,Mainly clear,0.6,0.2,0.4697263497936949,0.23502648415162966,0.29524716605467555,Home Win,Estoril,0.4697263497936949,80.71927826383146,0.19280721736168552,High Risk,No Clear Edge,Bet Away Win,"8.1% edge over market, 29.3% expected value",0.8,0.0474,0.9526,0.0818,0-0,2026-09-16T07:35:05.058520+00:00,1.78,3.61,4.38,Not yet assigned,,,
2026-09-20,20:30,Porto,Benfica,STATUS_SCHEDULED,2026-09-20T19:30:00+00:00,32.38050079345703,38.0,4.031128883361816,0.0,Mainly clear,Mainly clear,2.0,3.4,0.4602298565828495,0.2852838878306197,0.25448625558653093,Home Win,Porto,0.4602298565828495,81.56808388256562,0.18431916117434377,High Risk,No Clear Edge,No bet,Market odds unavailable; betting value cannot be established.,5.4,0.9052,0.0948,0.8358,1-3,2026-09-16T07:35:05.058520+00:00,,,,Not yet assigned,,,
2026-10-09,18:45,Moreirense,Gil Vicente,STATUS_SCHEDULED,2026-10-09T17:45:00+00:00,,,,0.0,Unknown,Unknown,0.8,0.6,0.4403066209162848,0.2510036674635074,0.3086897116202078,Home Win,Moreirense,0.4403066209162848,85.0826468569275,0.149173531430725,High Risk,No Clear Edge,No bet,Market odds unavailable; betting value cannot be established.,1.4,0.1665,0.8335,0.2485,0-0,2026-09-16T07:35:05.058520+00:00,,,,Not yet assigned,,,
2026-10-09,20:15,Sp Braga,Sp Lisbon,STATUS_SCHEDULED,2026-10-09T19:15:00+00:00,,,,0.0,Unknown,Unknown,1.6,2.8,0.42034018301368975,0.27120290929610746,0.30845690769020284,Home Win,Sp Braga,0.42034018301368975,87.67785512522231,0.1232214487477769,High Risk,No Clear Edge,No bet,Market odds unavailable; betting value cannot be established.,4.4,0.8149,0.1851,0.7496,1-2,2026-09-16T07:35:05.058520+00:00,,,,Not yet assigned,,,
2026-10-10,15:30,Casa Pia,Santa Clara,STATUS_SCHEDULED,2026-10-10T14:30:00+00:00,,,,0.0,Unknown,Unknown,0.0,1.8,0.41407913758776965,0.24620287237183164,0.33971799004039865,Home Win,Casa Pia,0.41407913758776965,89.71777296839348,0.1028222703160653,High Risk,No Clear Edge,No bet,Market odds unavailable; betting value cannot be established.,1.8,0.2694,0.7306,0.0,0-1,2026-09-16T07:35:05.058520+00:00,,,,Not yet assigned,,,
2026-10-10,18:00,Maritimo,Porto,STATUS_SCHEDULED,2026-10-10T17:00:00+00:00,,,,0.0,Unknown,Unknown,1.4,2.2,0.4229397066185225,0.26339715559441906,0.3136631377870585,Home Win,Maritimo,0.4229397066185225,87.54250887620805,0.12457491123791947,High Risk,No Clear Edge,No bet,Market odds unavailable; betting value cannot be established.,3.6,0.6973,0.3027,0.6699,1-2,2026-09-16T07:35:05.058520+00:00,,,,Not yet assigned,,,
2026-10-10,20:30,Academico Viseu,Estoril,STATUS_SCHEDULED,2026-10-10T19:30:00+00:00,,,,0.0,Unknown,Unknown,1.0,0.4,0.4698092225633442,0.24503243738911126,0.28515834004754453,Home Win,Academico Viseu,0.4698092225633442,80.31368862403295,0.19686311375967064,High Risk,No Clear Edge,No bet,Market odds unavailable; betting value cannot be established.,1.4,0.1665,0.8335,0.2084,0-0,2026-09-16T07:35:05.058520+00:00,,,,Not yet assigned,,,
2026-10-11,15:30,Rio Ave,Nacional,STATUS_SCHEDULED,2026-10-11T14:30:00+00:00,,,,0.0,Unknown,Unknown,0.4,1.6,0.46060531145650235,0.23974501592741673,0.2996496726160809,Home Win,Rio Ave,0.46060531145650235,82.08125091238982,0.17918749087610183,High Risk,No Clear Edge,No bet,Market odds unavailable; betting value cannot be established.,2.0,0.3233,0.6767,0.2631,0-1,2026-09-16T07:35:05.058520+00:00,,,,Not yet assigned,,,
2026-10-11,18:00,Benfica,Guimaraes,STATUS_SCHEDULED,2026-10-11T17:00:00+00:00,,,,0.0,Unknown,Unknown,3.6,0.6,0.48005868739532526,0.2714252971001565,0.24851601550451832,Home Win,Benfica,0.48005868739532526,78.43942196539848,0.21560578034601513,Moderate Risk,No Clear Edge,No bet,Market odds unavailable; betting value cannot be established.,4.2,0.7898,0.2102,0.4389,3-0,2026-09-16T07:35:05.058520+00:00,,,,Not yet assigned,,,
2026-10-11,20:30,Arouca,Amadora,STATUS_SCHEDULED,2026-10-11T19:30:00+00:00,,,,0.0,Unknown,Unknown,1.4,,0.45472488149511137,0.2640183301052842,0.2812567883996044,Home Win,Arouca,0.45472488149511137,82.1285419597526,0.17871458040247398,High Risk,No Clear Edge,No bet,Market odds unavailable; betting value cannot be established.,,,,,,2026-09-16T07:35:05.058520+00:00,,,,Not yet assigned,,,
2026-10-12,20:15,Famalicao,Alverca,STATUS_SCHEDULED,2026-10-12T19:15:00+00:00,,,,0.0,Unknown,Unknown,0.8,1.0,0.47005182499177717,0.23685181854951787,0.29309635645870497,Home Win,Famalicao,0.47005182499177717,80.59266286250012,0.19407337137499878,High Risk,No Clear Edge,No bet,Market odds unavailable; betting value cannot be established.,1.8,0.2694,0.7306,0.3481,0-0,2026-09-16T07:35:05.058520+00:00,,,,Not yet assigned,,,
2026-10-23,20:45,Guimaraes,Maritimo,STATUS_SCHEDULED,2026-10-23T19:45:00+00:00,,,,0.0,Unknown,Unknown,0.6,1.2,0.4391515739839583,0.24858513205869498,0.31226329395734664,Home Win,Guimaraes,0.4391515739839583,85.37314098303203,0.14626859016967958,High Risk,No Clear Edge,No bet,Market odds unavailable; betting value cannot be established.,1.8,0.2694,0.7306,0.3153,0-1,2026-09-16T07:35:05.058520+00:00,,,,Not yet assigned,,,
2026-10-24,15:30,Amadora,Casa Pia,STATUS_SCHEDULED,2026-10-24T14:30:00+00:00,,,,0.0,Unknown,Unknown,,0.2,0.49419097688552693,0.24123766790273296,0.26457135521174,Home Win,Amadora,0.49419097688552693,76.32788213191239,0.23672117868087603,Moderate Risk,No Clear Edge,No bet,Market odds unavailable; betting value cannot be established.,,,,,,2026-09-16T07:35:05.058520+00:00,,,,Not yet assigned,,,
2026-10-24,18:00,Alverca,Arouca,STATUS_SCHEDULED,2026-10-24T17:00:00+00:00,,,,0.0,Unknown,Unknown,0.8,2.0,0.4272245413348589,0.2470288833905295,0.32574657527461165,Home Win,Alverca,0.4272245413348589,87.45644755402495,0.12543552445975048,High Risk,No Clear Edge,No bet,Market odds unavailable; betting value cannot be established.,2.8,0.5305,0.4695,0.4761,0-1,2026-09-16T07:35:05.058520+00:00,,,,Not yet assigned,,,
2026-10-24,20:30,Gil Vicente,Porto,STATUS_SCHEDULED,2026-10-24T19:30:00+00:00,,,,0.0,Unknown,Unknown,0.8,2.2,0.4165410497261801,0.26668022925454404,0.31677872101927584,Home Win,Gil Vicente,0.4165410497261801,88.49903042342643,0.11500969576573568,High Risk,No Clear Edge,No bet,Market odds unavailable; betting value cannot be established.,3.0,0.5768,0.4232,0.4897,0-2,2026-09-16T07:35:05.058520+00:00,,,,Not yet assigned,,,
2026-10-25,15:30,Estoril,Moreirense,STATUS_SCHEDULED,2026-10-25T15:30:00+00:00,,,,0.0,Unknown,Unknown,0.6,0.6,0.4576550405289762,0.23940685731586556,0.30293810215515826,Home Win,Estoril,0.4576550405289762,82.5947465370745,0.1740525346292549,High Risk,No Clear Edge,No bet,Market odds unavailable; betting value cannot be established.,1.2,0.1205,0.8795,0.2036,0-0,2026-09-16T07:35:05.058520+00:00,,,,Not yet assigned,,,
2026-10-25,18:00,Rio Ave,Famalicao,STATUS_SCHEDULED,2026-10-25T18:00:00+00:00,,,,0.0,Unknown,Unknown,0.4,0.6,0.46241483270601713,0.2379675618072536,0.2996176054867293,Home Win,Rio Ave,0.46241483270601713,81.84397160086978,0.18156028399130222,High Risk,No Clear Edge,No bet,Market odds unavailable; betting value cannot be established.,1.0,0.0803,0.9197,0.1487,0-0,2026-09-16T07:35:05.058520+00:00,,,,Not yet assigned,,,
2026-10-25,18:00,Nacional,Sp Braga,STATUS_SCHEDULED,2026-10-25T18:00:00+00:00,,,,0.0,Unknown,Unknown,1.2,1.8,0.4467922010432115,0.25062626826815304,0.3025815306886356,Home Win,Nacional,0.4467922010432115,83.99768584739729,0.16002314152602712,High Risk,No Clear Edge,No bet,Market odds unavailable; betting value cannot be established.,3.0,0.5768,0.4232,0.5833,1-1,2026-09-16T07:35:05.058520+00:00,,,,Not yet assigned,,,
2026-10-25,20:30,Sp Lisbon,Academico Viseu,STATUS_SCHEDULED,2026-10-25T20:30:00+00:00,,,,0.0,Unknown,Unknown,3.0,1.0,0.48797666824958813,0.2661109161315282,0.24591241561888363,Home Win,Sp Lisbon,0.48797666824958813,77.19868781607005,0.2280131218392995,Moderate Risk,No Clear Edge,No bet,Market odds unavailable; betting value cannot be established.,4.0,0.7619,0.2381,0.6006,2-0,2026-09-16T07:35:05.058520+00:00,,,,Not yet assigned,,,
2026-10-26,18:45,Santa Clara,Benfica,STATUS_SCHEDULED,2026-10-26T18:45:00+00:00,,,,0.0,Unknown,Unknown,1.0,3.4,0.4464970416655819,0.2760723240043155,0.2774306343301027,Home Win,Santa Clara,0.4464970416655819,83.0520193869716,0.169479806130284,High Risk,No Clear Edge,No bet,Market odds unavailable; betting value cannot be established.,4.4,0.8149,0.1851,0.611,0-3,2026-09-16T07:35:05.058520+00:00,,,,Not yet assigned,,,
2026-10-30,20:15,Casa Pia,Sp Lisbon,STATUS_SCHEDULED,2026-10-30T20:15:00+00:00,,,,0.0,Unknown,Unknown,0.0,2.8,0.40299414606007655,0.24808504056724745,0.3489208133726759,Home Win,Casa Pia,0.40299414606007655,91.5237519067469,0.08476248093253107,High Risk,No Clear Edge,No bet,Market odds unavailable; betting value cannot be established.,2.8,0.5305,0.4695,0.0,0-2,2026-09-16T07:35:05.058520+00:00,,,,Not yet assigned,,,
2026-10-31,15:30,Moreirense,Amadora,STATUS_SCHEDULED,2026-10-31T15:30:00+00:00,,,,0.0,Unknown,Unknown,0.8,,0.43274235404422373,0.24943669867885368,0.3178209472769226,Home Win,Moreirense,0.43274235404422373,86.42659958332865,0.13573400416671344,High Risk,No Clear Edge,No bet,Market odds unavailable; betting value cannot be established.,,,,,,2026-09-16T07:35:05.058520+00:00,,,,Not yet assigned,,,
2026-10-31,20:30,Porto,Estoril,STATUS_SCHEDULED,2026-10-31T20:30:00+00:00,,,,0.0,Unknown,Unknown,2.0,0.4,0.505177610436652,0.2654800347269841,0.22934235483636392,Home Win,Porto,0.505177610436652,74.93039999757956,0.25069600002420445,Moderate Risk,No Clear Edge,No bet,Market odds unavailable; betting value cannot be established.,2.4,0.4303,0.5697,0.2851,1-0,2026-09-16T07:35:05.058520+00:00,,,,Not yet assigned,,,
2026-11-01,15:30,Arouca,Nacional,STATUS_SCHEDULED,2026-11-01T15:30:00+00:00,,,,0.0,Unknown,Unknown,1.4,1.6,0.4761459066759254,0.2605657168706052,0.26328837645346953,Home Win,Arouca,0.4761459066759254,78.63138342523246,0.21368616574767546,Moderate Risk,No Clear Edge,No bet,Market odds unavailable; betting value cannot be established.,3.0,0.5768,0.4232,0.6013,1-1,2026-09-16T07:35:05.058520+00:00,,,,Not yet assigned,,,
2026-11-01,18:00,Maritimo,Santa Clara,STATUS_SCHEDULED,2026-11-01T18:00:00+00:00,,,,0.0,Unknown,Unknown,1.4,1.8,0.44309573639322947,0.2582450346327257,0.2986592289740448,Home Win,Maritimo,0.44309573639322947,84.32635203899791,0.15673647961002088,High Risk,No Clear Edge,No bet,Market odds unavailable; betting value cannot be established.,3.2,0.6201,0.3799,0.6289,1-1,2026-09-16T07:35:05.058520+00:00,,,,Not yet assigned,,,
2026-11-01,18:00,Academico Viseu,Rio Ave,STATUS_SCHEDULED,2026-11-01T18:00:00+00:00,,,,0.0,Unknown,Unknown,1.0,0.6,0.4628550854239736,0.24616528387425993,0.2909796307017664,Home Win,Academico Viseu,0.4628550854239736,81.44853962433342,0.1855146037566657,High Risk,No Clear Edge,No bet,Market odds unavailable; betting value cannot be established.,1.6,0.2166,0.7834,0.2852,0-0,2026-09-16T07:35:05.058520+00:00,,,,Not yet assigned,,,
2026-11-01,20:30,Sp Braga,Famalicao,STATUS_SCHEDULED,2026-11-01T20:30:00+00:00,,,,0.0,Unknown,Unknown,1.6,0.6,0.4663427579661774,0.25674574641215214,0.2769114956216706,Home Win,Sp Braga,0.4663427579661774,80.44313357221615,0.19556866427783842,High Risk,No Clear Edge,No bet,Market odds unavailable; betting value cannot be established.,2.2,0.3773,0.6227,0.3601,1-0,2026-09-16T07:35:05.058520+00:00,,,,Not yet assigned,,,
2026-11-02,20:15,Benfica,Alverca,STATUS_SCHEDULED,2026-11-02T20:15:00+00:00,,,,0.0,Unknown,Unknown,3.6,1.0,0.48783449613046004,0.2678550296706223,0.24431047419891777,Home Win,Benfica,0.48783449613046004,77.28547992661652,0.22714520073383476,Moderate Risk,No Clear Edge,No bet,Market odds unavailable; betting value cannot be established.,4.6,0.8374,0.1626,0.6148,3-0,2026-09-16T07:35:05.058520+00:00,,,,Not yet assigned,,,
2026-11-02,20:15,Gil Vicente,Guimaraes,STATUS_SCHEDULED,2026-11-02T20:15:00+00:00,,,,0.0,Unknown,Unknown,0.8,0.6,0.4712901747985631,0.2517628385686505,0.27694698663278644,Home Win,Gil Vicente,0.4712901747985631,79.79920711190516,0.20200792888094848,Moderate Risk,No Clear Edge,No bet,Market odds unavailable; betting value cannot be established.,1.4,0.1665,0.8335,0.2485,0-0,2026-09-16T07:35:05.058520+00:00,,,,Not yet assigned,,,
2026-11-06,20:45,Famalicao,Arouca,STATUS_SCHEDULED,2026-11-06T20:45:00+00:00,,,,0.0,Unknown,Unknown,0.8,2.0,0.4344502916507259,0.24787623605358514,0.31767347229568904,Home Win,Famalicao,0.4344502916507259,86.19805435278009,0.138019456472199,High Risk,No Clear Edge,No bet,Market odds unavailable; betting value cannot be established.,2.8,0.5305,0.4695,0.4761,0-1,2026-09-16T07:35:05.058520+00:00,,,,Not yet assigned,,,
2026-11-07,15:30,Nacional,Academico Viseu,STATUS_SCHEDULED,2026-11-07T15:30:00+00:00,,,,0.0,Unknown,Unknown,1.2,1.0,0.4568542465960135,0.24587500614313204,0.2972707472608545,Home Win,Nacional,0.4568542465960135,82.47743185855342,0.17522568141446584,High Risk,No Clear Edge,No bet,Market odds unavailable; betting value cannot be established.,2.2,0.3773,0.6227,0.4417,1-0,2026-09-16T07:35:05.058520+00:00,,,,Not yet assigned,,,
2026-11-07,18:00,Alverca,Casa Pia,STATUS_SCHEDULED,2026-11-07T18:00:00+00:00,,,,0.0,Unknown,Unknown,0.8,0.2,0.4693546801194862,0.23520985877158346,0.2954354611089304,Home Win,Alverca,0.4693546801194862,80.77512498432951,0.1922487501567049,High Risk,No Clear Edge,No bet,Market odds unavailable; betting value cannot be established.,1.0,0.0803,0.9197,0.0998,0-0,2026-09-16T07:35:05.058520+00:00,,,,Not yet assigned,,,
2026-11-07,20:30,Sp Lisbon,Moreirense,STATUS_SCHEDULED,2026-11-07T20:30:00+00:00,,,,0.0,Unknown,Unknown,3.0,0.6,0.4945441518603201,0.2645576233110877,0.2408982248285922,Home Win,Sp Lisbon,0.4945441518603201,76.28127849560951,0.2371872150439049,Moderate Risk,No Clear Edge,No bet,Market odds unavailable; betting value cannot be established.,3.6,0.6973,0.3027,0.4287,2-0,2026-09-16T07:35:05.058520+00:00,,,,Not yet assigned,,,
2026-11-08,15:30,Estoril,Maritimo,STATUS_SCHEDULED,2026-11-08T15:30:00+00:00,,,,0.0,Unknown,Unknown,0.6,1.2,0.43505919343092453,0.24191646078538825,0.3230243457836873,Home Win,Estoril,0.43505919343092453,86.32801438750195,0.13671985612498044,High Risk,No Clear Edge,No bet,Market odds unavailable; betting value cannot be established.,1.8,0.2694,0.7306,0.3153,0-1,2026-09-16T07:35:05.058520+00:00,,,,Not yet assigned,,,
2026-11-08,15:30,Santa Clara,Gil Vicente,STATUS_SCHEDULED,2026-11-08T15:30:00+00:00,,,,0.0,Unknown,Unknown,1.0,0.6,0.46851860799822725,0.2658489675641288,0.265632424437644,Home Win,Santa Clara,0.46851860799822725,79.72644551361017,0.2027355448638982,Moderate Risk,No Clear Edge,No bet,Market odds unavailable; betting value cannot be established.,1.6,0.2166,0.7834,0.2852,0-0,2026-09-16T07:35:05.058520+00:00,,,,Not yet assigned,,,
2026-11-08,18:00,Guimaraes,Porto,STATUS_SCHEDULED,2026-11-08T18:00:00+00:00,,,,0.0,Unknown,Unknown,0.6,2.2,0.404472374598553,0.25908137855045454,0.3364462468509925,Home Win,Guimaraes,0.404472374598553,90.8428042769667,0.09157195723033297,High Risk,No Clear Edge,No bet,Market odds unavailable; betting value cannot be established.,2.8,0.5305,0.4695,0.4012,0-2,2026-09-16T07:35:05.058520+00:00,,,,Not yet assigned,,,
2026-11-08,20:30,Rio Ave,Sp Braga,STATUS_SCHEDULED,2026-11-08T20:30:00+00:00,,,,0.0,Unknown,Unknown,0.4,1.8,0.4474520733911661,0.24601490988328975,0.30653301672554417,Home Win,Rio Ave,0.4474520733911661,84.06623890780398,0.15933761092196025,High Risk,No Clear Edge,No bet,Market odds unavailable; betting value cannot be established.,2.2,0.3773,0.6227,0.2752,0-1,2026-09-16T07:35:05.058520+00:00,,,,Not yet assigned,,,
2026-11-08,20:30,Amadora,Benfica,STATUS_SCHEDULED,2026-11-08T20:30:00+00:00,,,,0.0,Unknown,Unknown,,3.4,0.4421701756405521,0.2595391394521206,0.2982906849073274,Home Win,Amadora,0.4421701756405521,84.43265606499733,0.1556734393500268,High Risk,No Clear Edge,No bet,Market odds unavailable; betting value cannot be established.,,,,,,2026-09-16T07:35:05.058520+00:00,,,,Not yet assigned,,,
2026-11-27,20:15,Maritimo,Nacional,STATUS_SCHEDULED,2026-11-27T20:15:00+00:00,,,,0.0,Unknown,Unknown,1.4,1.6,0.47648383560733826,0.24814977272242056,0.27536639167024113,Home Win,Maritimo,0.47648383560733826,79.05992372526967,0.2094007627473034,Moderate Risk,No Clear Edge,No bet,Market odds unavailable; betting value cannot be established.,3.0,0.5768,0.4232,0.6013,1-1,2026-09-16T07:35:05.058520+00:00,,,,Not yet assigned,,,
2026-11-28,15:30,Moreirense,Santa Clara,STATUS_SCHEDULED,2026-11-28T15:30:00+00:00,,,,0.0,Unknown,Unknown,0.8,1.8,0.4212713932581079,0.2561258852706765,0.3226027214712156,Home Win,Moreirense,0.4212713932581079,88.1099247630335,0.11890075236966507,High Risk,No Clear Edge,No bet,Market odds unavailable; betting value cannot be established.,2.6,0.4816,0.5184,0.4596,0-1,2026-09-16T07:35:05.058520+00:00,,,,Not yet assigned,,,
2026-11-28,15:30,Arouca,Rio Ave,STATUS_SCHEDULED,2026-11-28T15:30:00+00:00,,,,0.0,Unknown,Unknown,1.4,0.6,0.4782010282606554,0.2586729184374319,0.2631260533019127,Home Win,Arouca,0.4782010282606554,78.35697231259805,0.2164302768740195,Moderate Risk,No Clear Edge,No bet,Market odds unavailable; betting value cannot be established.,2.0,0.3233,0.6767,0.3399,1-0,2026-09-16T07:35:05.058520+00:00,,,,Not yet assigned,,,
2026-11-28,18:00,Academico Viseu,Alverca,STATUS_SCHEDULED,2026-11-28T18:00:00+00:00,,,,0.0,Unknown,Unknown,1.0,1.0,0.47006130319285966,0.24506510543755183,0.2848735913695885,Home Win,Academico Viseu,0.47006130319285966,80.26966620235002,0.19730333797649977,High Risk,No Clear Edge,No bet,Market odds unavailable; betting value cannot be established.,2.0,0.3233,0.6767,0.3996,0-0,2026-09-16T07:35:05.058520+00:00,,,,Not yet assigned,,,
2026-11-28,20:30,Guimaraes,Amadora,STATUS_SCHEDULED,2026-11-28T20:30:00+00:00,,,,0.0,Unknown,Unknown,0.6,,0.4360408605461714,0.24780824592125827,0.3161508935325702,Home Win,Guimaraes,0.4360408605461714,85.9310096756869,0.140689903243131,High Risk,No Clear Edge,No bet,Market odds unavailable; betting value cannot be established.,,,,,,2026-09-16T07:35:05.058520+00:00,,,,Not yet assigned,,,
2026-11-29,18:00,Gil Vicente,Estoril,STATUS_SCHEDULED,2026-11-29T18:00:00+00:00,,,,0.0,Unknown,Unknown,0.8,0.4,0.4788502007382724,0.2485131017437699,0.27263669751795766,Home Win,Gil Vicente,0.4788502007382724,78.64445328484108,0.21355546715158927,Moderate Risk,No Clear Edge,No bet,Market odds unavailable; betting value cannot be established.,1.2,0.1205,0.8795,0.1815,0-0,2026-09-16T07:35:05.058520+00:00,,,,Not yet assigned,,,
2026-11-29,20:30,Porto,Sp Lisbon,STATUS_SCHEDULED,2026-11-29T20:30:00+00:00,,,,0.0,Unknown,Unknown,2.0,2.8,0.4525351030062539,0.28426101547790594,0.2632038815158402,Home Win,Porto,0.4525351030062539,82.53172195266755,0.1746827804733245,High Risk,No Clear Edge,No bet,Market odds unavailable; betting value cannot be established.,4.8,0.8575,0.1425,0.8121,1-2,2026-09-16T07:35:05.058520+00:00,,,,Not yet assigned,,,
2026-11-30,20:15,Casa Pia,Sp Braga,STATUS_SCHEDULED,2026-11-30T20:15:00+00:00,,,,0.0,Unknown,Unknown,0.0,1.8,0.4344119902783867,0.24380192367295467,0.32178608604865866,Home Win,Casa Pia,0.4344119902783867,86.36397854820143,0.13636021451798572,High Risk,No Clear Edge,No bet,Market odds unavailable; betting value cannot be established.,1.8,0.2694,0.7306,0.0,0-1,2026-09-16T07:35:05.058520+00:00,,,,Not yet assigned,,,
2026-11-30,20:15,Benfica,Famalicao,STATUS_SCHEDULED,2026-11-30T20:15:00+00:00,,,,0.0,Unknown,Unknown,3.6,0.6,0.4807176477669551,0.26932351511161673,0.24995883712142822,Home Win,Benfica,0.4807176477669551,78.27122696954739,0.2172877303045261,Moderate Risk,No Clear Edge,No bet,Market odds unavailable; betting value cannot be established.,4.2,0.7898,0.2102,0.4389,3-0,2026-09-16T07:35:05.058520+00:00,,,,Not yet assigned,,,
2026-12-06,00:00,Sp Lisbon,Maritimo,STATUS_SCHEDULED,2026-12-06T00:00:00+00:00,,,,0.0,Unknown,Unknown,3.0,1.2,0.47280837769408174,0.2688556125395681,0.2583360097663501,Home Win,Sp Lisbon,0.47280837769408174,79.28456166101591,0.20715438338984082,Moderate Risk,No Clear Edge,No bet,Market odds unavailable; betting value cannot be established.,4.2,0.7898,0.2102,0.664,2-1,2026-09-16T07:35:05.058520+00:00,,,,Not yet assigned,,,
2026-12-06,00:00,Amadora,Gil Vicente,STATUS_SCHEDULED,2026-12-06T00:00:00+00:00,,,,0.0,Unknown,Unknown,,0.6,0.4642049931106677,0.25005012159283835,0.285744885296494,Home Win,Amadora,0.4642049931106677,81.06762684499311,0.1893237315500689,High Risk,No Clear Edge,No bet,Market odds unavailable; betting value cannot be established.,,,,,,2026-09-16T07:35:05.058520+00:00,,,,Not yet assigned,,,
2026-12-06,00:00,Alverca,Moreirense,STATUS_SCHEDULED,2026-12-06T00:00:00+00:00,,,,0.0,Unknown,Unknown,0.8,0.6,0.4572847487317572,0.23958936720941656,0.30312588405882623,Home Win,Alverca,0.4572847487317572,82.65039345468139,0.1734960654531861,High Risk,No Clear Edge,No bet,Market odds unavailable; betting value cannot be established.,1.4,0.1665,0.8335,0.2485,0-0,2026-09-16T07:35:05.058520+00:00,,,,Not yet assigned,,,
2026-12-06,00:00,Santa Clara,Porto,STATUS_SCHEDULED,2026-12-06T00:00:00+00:00,,,,0.0,Unknown,Unknown,1.0,2.2,0.4295436300103578,0.27776676532439276,0.29268960466524946,Home Win,Santa Clara,0.4295436300103578,85.8604240942457,0.141395759057543,High Risk,No Clear Edge,No bet,Market odds unavailable; betting value cannot be established.,3.2,0.6201,0.3799,0.5621,0-2,2026-09-16T07:35:05.058520+00:00,,,,Not yet assigned,,,
2026-12-06,00:00,Nacional,Benfica,STATUS_SCHEDULED,2026-12-06T00:00:00+00:00,,,,0.0,Unknown,Unknown,1.2,3.4,0.423771160251579,0.25730980861292524,0.31891903113549586,Home Win,Nacional,0.423771160251579,87.63972379422648,0.12360276205773511,High Risk,No Clear Edge,No bet,Market odds unavailable; betting value cannot be established.,4.6,0.8374,0.1626,0.6755,1-3,2026-09-16T07:35:05.058520+00:00,,,,Not yet assigned,,,
2026-12-06,00:00,Estoril,Guimaraes,STATUS_SCHEDULED,2026-12-06T00:00:00+00:00,,,,0.0,Unknown,Unknown,0.6,0.6,0.4553393737275281,0.2390612202822137,0.30559940599025825,Home Win,Estoril,0.4553393737275281,83.00092800907166,0.16999071990928338,High Risk,No Clear Edge,No bet,Market odds unavailable; betting value cannot be established.,1.2,0.1205,0.8795,0.2036,0-0,2026-09-16T07:35:05.058520+00:00,,,,Not yet assigned,,,
2026-12-06,00:00,Rio Ave,Casa Pia,STATUS_SCHEDULED,2026-12-06T00:00:00+00:00,,,,0.0,Unknown,Unknown,0.4,0.2,0.47639737699243734,0.23578984731685979,0.2878127756907028,Home Win,Rio Ave,0.47639737699243734,79.55823335410089,0.2044176664589911,Moderate Risk,No Clear Edge,No bet,Market odds unavailable; betting value cannot be established.,0.6,0.0231,0.9769,0.0598,0-0,2026-09-16T07:35:05.058520+00:00,,,,Not yet assigned,,,
2026-12-06,00:00,Sp Braga,Arouca,STATUS_SCHEDULED,2026-12-06T00:00:00+00:00,,,,0.0,Unknown,Unknown,1.6,2.0,0.43828699879398636,0.2677709862944929,0.29394201491152067,Home Win,Sp Braga,0.43828699879398636,84.76899204514824,0.1523100795485176,High Risk,No Clear Edge,No bet,Market odds unavailable; betting value cannot be established.,3.6,0.6973,0.3027,0.6901,1-1,2026-09-16T07:35:05.058520+00:00,,,,Not yet assigned,,,
2026-12-06,00:00,Famalicao,Academico Viseu,STATUS_SCHEDULED,2026-12-06T00:00:00+00:00,,,,0.0,Unknown,Unknown,0.8,1.0,0.45772999925078356,0.2412358671333856,0.30103413361583087,Home Win,Famalicao,0.45772999925078356,82.51046619573465,0.1748953380426534,High Risk,No Clear Edge,No bet,Market odds unavailable; betting value cannot be established.,1.8,0.2694,0.7306,0.3481,0-0,2026-09-16T07:35:05.058520+00:00,,,,Not yet assigned,,,
2026-12-13,00:00,Maritimo,Rio Ave,STATUS_SCHEDULED,2026-12-13T00:00:00+00:00,,,,0.0,Unknown,Unknown,1.4,0.6,0.47850012414863413,0.2463264243886273,0.2751734514627385,Home Win,Maritimo,0.47850012414863413,78.78937973350271,0.21210620266497293,Moderate Risk,No Clear Edge,No bet,Market odds unavailable; betting value cannot be established.,2.0,0.3233,0.6767,0.3399,1-0,2026-09-16T07:35:05.058520+00:00,,,,Not yet assigned,,,
2026-12-13,00:00,Academico Viseu,Arouca,STATUS_SCHEDULED,2026-12-13T00:00:00+00:00,,,,0.0,Unknown,Unknown,1.0,2.0,0.4345928769320333,0.25655081571547605,0.3088563073524906,Home Win,Academico Viseu,0.4345928769320333,85.83443677483224,0.14165563225167757,High Risk,No Clear Edge,No bet,Market odds unavailable; betting value cannot be established.,3.0,0.5768,0.4232,0.5466,0-1,2026-09-16T07:35:05.058520+00:00,,,,Not yet assigned,,,
2026-12-13,00:00,Gil Vicente,Sp Lisbon,STATUS_SCHEDULED,2026-12-13T00:00:00+00:00,,,,0.0,Unknown,Unknown,0.8,2.8,0.42557405785228436,0.2639988415784552,0.31042710056926054,Home Win,Gil Vicente,0.42557405785228436,87.07227030241224,0.12927729697587761,High Risk,No Clear Edge,No bet,Market odds unavailable; betting value cannot be established.,3.6,0.6973,0.3027,0.5172,0-2,2026-09-16T07:35:05.058520+00:00,,,,Not yet assigned,,,
2026-12-13,00:00,Casa Pia,Nacional,STATUS_SCHEDULED,2026-12-13T00:00:00+00:00,,,,0.0,Unknown,Unknown,0.0,1.6,0.44748146569183367,0.23774758714421104,0.31477094716395526,Home Win,Casa Pia,0.44748146569183367,84.38475892921996,0.15615241070780053,High Risk,No Clear Edge,No bet,Market odds unavailable; betting value cannot be established.,1.6,0.2166,0.7834,0.0,0-1,2026-09-16T07:35:05.058520+00:00,,,,Not yet assigned,,,
2026-12-13,00:00,Guimaraes,Alverca,STATUS_SCHEDULED,2026-12-13T00:00:00+00:00,,,,0.0,Unknown,Unknown,0.6,1.0,0.46711083012910104,0.24244253095862786,0.2904466389122711,Home Win,Guimaraes,0.46711083012910104,80.87258628842352,0.19127413711576483,High Risk,No Clear Edge,No bet,Market odds unavailable; betting value cannot be established.,1.6,0.2166,0.7834,0.2852,0-0,2026-09-16T07:35:05.058520+00:00,,,,Not yet assigned,,,
2026-12-13,00:00,Moreirense,Famalicao,STATUS_SCHEDULED,2026-12-13T00:00:00+00:00,,,,0.0,Unknown,Unknown,0.8,0.6,0.45639473959451526,0.24514824772636615,0.2984570126791186,Home Win,Moreirense,0.45639473959451526,82.58378663598526,0.17416213364014735,High Risk,No Clear Edge,No bet,Market odds unavailable; betting value cannot be established.,1.4,0.1665,0.8335,0.2485,0-0,2026-09-16T07:35:05.058520+00:00,,,,Not yet assigned,,,
2026-12-13,00:00,Estoril,Santa Clara,STATUS_SCHEDULED,2026-12-13T00:00:00+00:00,,,,0.0,Unknown,Unknown,0.6,1.8,0.4204759367391296,0.24759771518077983,0.3319263480800906,Home Win,Estoril,0.4204759367391296,88.57851752411707,0.11421482475882923,High Risk,No Clear Edge,No bet,Market odds unavailable; betting value cannot be established.,2.4,0.4303,0.5697,0.3766,0-1,2026-09-16T07:35:05.058520+00:00,,,,Not yet assigned,,,
2026-12-13,00:00,Benfica,Sp Braga,STATUS_SCHEDULED,2026-12-13T00:00:00+00:00,,,,0.0,Unknown,Unknown,3.6,1.8,0.4654782610311347,0.2786201428277811,0.25590159614108426,Home Win,Benfica,0.4654782610311347,80.62275415006951,0.19377245849930488,High Risk,No Clear Edge,No bet,Market odds unavailable; betting value cannot be established.,5.4,0.9052,0.0948,0.8119,3-1,2026-09-16T07:35:05.058520+00:00,,,,Not yet assigned,,,
2026-12-13,00:00,Porto,Amadora,STATUS_SCHEDULED,2026-12-13T00:00:00+00:00,,,,0.0,Unknown,Unknown,2.0,,0.4753413758751096,0.27341228090498143,0.2512463432199091,Home Win,Porto,0.4753413758751096,79.1324750082241,0.20867524991775896,Moderate Risk,No Clear Edge,No bet,Market odds unavailable; betting value cannot be established.,,,,,,2026-09-16T07:35:05.058520+00:00,,,,Not yet assigned,,,
2026-12-20,00:00,Rio Ave,Benfica,STATUS_SCHEDULED,2026-12-20T00:00:00+00:00,,,,0.0,Unknown,Unknown,0.4,3.4,0.42437310529731603,0.2525612374174698,0.32306565728521425,Home Win,Rio Ave,0.42437310529731603,87.72346850716282,0.12276531492837184,High Risk,No Clear Edge,No bet,Market odds unavailable; betting value cannot be established.,3.8,0.7311,0.2689,0.3187,0-3,2026-09-16T07:35:05.058520+00:00,,,,Not yet assigned,,,
2026-12-20,00:00,Sp Braga,Academico Viseu,STATUS_SCHEDULED,2026-12-20T00:00:00+00:00,,,,0.0,Unknown,Unknown,1.6,1.0,0.46134985870908335,0.2603592580196272,0.27829088327128954,Home Win,Sp Braga,0.46134985870908335,81.14835733986567,0.18851642660134327,High Risk,No Clear Edge,No bet,Market odds unavailable; betting value cannot be established.,2.6,0.4816,0.5184,0.5045,1-0,2026-09-16T07:35:05.058520+00:00,,,,Not yet assigned,,,
2026-12-20,00:00,Sp Lisbon,Estoril,STATUS_SCHEDULED,2026-12-20T00:00:00+00:00,,,,0.0,Unknown,Unknown,3.0,0.4,0.49996834334852425,0.2607832434891484,0.23924841316232745,Home Win,Sp Lisbon,0.49996834334852425,75.42608213455047,0.2457391786544953,Moderate Risk,No Clear Edge,No bet,Market odds unavailable; betting value cannot be established.,3.4,0.6603,0.3397,0.3133,2-0,2026-09-16T07:35:05.058520+00:00,,,,Not yet assigned,,,
2026-12-20,00:00,Amadora,Maritimo,STATUS_SCHEDULED,2026-12-20T00:00:00+00:00,,,,0.0,Unknown,Unknown,,1.2,0.4597916860025041,0.2494345522871227,0.29077376171037317,Home Win,Amadora,0.4597916860025041,81.84005771877494,0.1815994228122506,High Risk,No Clear Edge,No bet,Market odds unavailable; betting value cannot be established.,,,,,,2026-09-16T07:35:05.058520+00:00,,,,Not yet assigned,,,
2026-12-20,00:00,Famalicao,Porto,STATUS_SCHEDULED,2026-12-20T00:00:00+00:00,,,,0.0,Unknown,Unknown,0.8,2.2,0.4071649255986727,0.25319772662092516,0.3396373477804022,Home Win,Famalicao,0.4071649255986727,90.61647113940626,0.0938352886059374,High Risk,No Clear Edge,No bet,Market odds unavailable; betting value cannot be established.,3.0,0.5768,0.4232,0.4897,0-2,2026-09-16T07:35:05.058520+00:00,,,,Not yet assigned,,,
2026-12-20,00:00,Alverca,Gil Vicente,STATUS_SCHEDULED,2026-12-20T00:00:00+00:00,,,,0.0,Unknown,Unknown,0.8,0.6,0.43922558863528827,0.24288961960139654,0.3178847917633153,Home Win,Alverca,0.43922558863528827,85.583458551353,0.14416541448647,High Risk,No Clear Edge,No bet,Market odds unavailable; betting value cannot be established.,1.4,0.1665,0.8335,0.2485,0-0,2026-09-16T07:35:05.058520+00:00,,,,Not yet assigned,,,
2026-12-20,00:00,Santa Clara,Guimaraes,STATUS_SCHEDULED,2026-12-20T00:00:00+00:00,,,,0.0,Unknown,Unknown,1.0,0.6,0.48400871205319207,0.26115383349227467,0.2548374544545332,Home Win,Santa Clara,0.48400871205319207,77.52227452102048,0.2247772547897952,Moderate Risk,No Clear Edge,No bet,Market odds unavailable; betting value cannot be established.,1.6,0.2166,0.7834,0.2852,0-0,2026-09-16T07:35:05.058520+00:00,,,,Not yet assigned,,,
2026-12-20,00:00,Nacional,Moreirense,STATUS_SCHEDULED,2026-12-20T00:00:00+00:00,,,,0.0,Unknown,Unknown,1.2,0.6,0.46362781352575955,0.24476976825289667,0.29160241822134375,Home Win,Nacional,0.46362781352575955,81.3721189487796,0.186278810512204,High Risk,No Clear Edge,No bet,Market odds unavailable; betting value cannot be established.,1.8,0.2694,0.7306,0.3153,1-0,2026-09-16T07:35:05.058520+00:00,,,,Not yet assigned,,,
2026-12-20,00:00,Arouca,Casa Pia,STATUS_SCHEDULED,2026-12-20T00:00:00+00:00,,,,0.0,Unknown,Unknown,1.4,0.2,0.4916714835260142,0.25585112641344276,0.252477390060543,Home Win,Arouca,0.4916714835260142,76.3152853562633,0.236847146437367,Moderate Risk,No Clear Edge,No bet,Market odds unavailable; betting value cannot be established.,1.6,0.2166,0.7834,0.1366,1-0,2026-09-16T07:35:05.058520+00:00,,,,Not yet assigned,,,
2026-12-27,00:00,Guimaraes,Rio Ave,STATUS_SCHEDULED,2026-12-27T00:00:00+00:00,,,,0.0,Unknown,Unknown,0.6,0.6,0.4598795230791751,0.2434937026528109,0.296626774268014,Home Win,Guimaraes,0.4598795230791751,82.05763163494294,0.17942368365057074,High Risk,No Clear Edge,No bet,Market odds unavailable; betting value cannot be established.,1.2,0.1205,0.8795,0.2036,0-0,2026-09-16T07:35:05.058520+00:00,,,,Not yet assigned,,,
2026-12-27,00:00,Casa Pia,Famalicao,STATUS_SCHEDULED,2026-12-27T00:00:00+00:00,,,,0.0,Unknown,Unknown,0.0,0.6,0.4492566657648803,0.2359939963031802,0.31474933793193954,Home Win,Casa Pia,0.4492566657648803,84.15236551496108,0.1584763448503893,High Risk,No Clear Edge,No bet,Market odds unavailable; betting value cannot be established.,0.6,0.0231,0.9769,0.0,0-0,2026-09-16T07:35:05.058520+00:00,,,,Not yet assigned,,,
2026-12-27,00:00,Porto,Nacional,STATUS_SCHEDULED,2026-12-27T00:00:00+00:00,,,,0.0,Unknown,Unknown,2.0,1.6,0.49636086019914927,0.2690926187698016,0.23454652103104917,Home Win,Porto,0.49636086019914927,76.22177288240756,0.23778227117592446,Moderate Risk,No Clear Edge,No bet,Market odds unavailable; betting value cannot be established.,3.6,0.6973,0.3027,0.6901,1-1,2026-09-16T07:35:05.058520+00:00,,,,Not yet assigned,,,
2026-12-27,00:00,Santa Clara,Amadora,STATUS_SCHEDULED,2026-12-27T00:00:00+00:00,,,,0.0,Unknown,Unknown,1.0,,0.46132358529177075,0.26467924552060956,0.2739971691876197,Home Win,Santa Clara,0.46132358529177075,80.98376940841501,0.1901623059158498,High Risk,No Clear Edge,No bet,Market odds unavailable; betting value cannot be established.,,,,,,2026-09-16T07:35:05.058520+00:00,,,,Not yet assigned,,,
2026-12-27,00:00,Moreirense,Academico Viseu,STATUS_SCHEDULED,2026-12-27T00:00:00+00:00,,,,0.0,Unknown,Unknown,0.8,1.0,0.4514855003174148,0.24858595260717628,0.29992854707540895,Home Win,Moreirense,0.4514855003174148,83.28170397459233,0.16718296025407664,High Risk,No Clear Edge,No bet,Market odds unavailable; betting value cannot be established.,1.8,0.2694,0.7306,0.3481,0-0,2026-09-16T07:35:05.058520+00:00,,,,Not yet assigned,,,
2026-12-27,00:00,Benfica,Sp Lisbon,STATUS_SCHEDULED,2026-12-27T00:00:00+00:00,,,,0.0,Unknown,Unknown,3.6,2.8,0.4349412142512701,0.2855684244143495,0.2794903613343805,Home Win,Benfica,0.4349412142512701,84.87773648778715,0.1512226351221285,High Risk,No Clear Edge,No bet,Market odds unavailable; betting value cannot be established.,6.4,0.9537,0.0463,0.9135,3-2,2026-09-16T07:35:05.058520+00:00,,,,Not yet assigned,,,
2026-12-27,00:00,Gil Vicente,Arouca,STATUS_SCHEDULED,2026-12-27T00:00:00+00:00,,,,0.0,Unknown,Unknown,0.8,2.0,0.44364588563665264,0.26060025009899,0.2957538642643574,Home Win,Gil Vicente,0.44364588563665264,84.14090525773756,0.15859094742262447,High Risk,No Clear Edge,No bet,Market odds unavailable; betting value cannot be established.,2.8,0.5305,0.4695,0.4761,0-1,2026-09-16T07:35:05.058520+00:00,,,,Not yet assigned,,,
2026-12-27,00:00,Maritimo,Sp Braga,STATUS_SCHEDULED,2026-12-27T00:00:00+00:00,,,,0.0,Unknown,Unknown,1.4,1.8,0.463243797302456,0.25484116438400084,0.2819150383135432,Home Win,Maritimo,0.463243797302456,81.04313663368787,0.18956863366312138,High Risk,No Clear Edge,No bet,Market odds unavailable; betting value cannot be established.,3.2,0.6201,0.3799,0.6289,1-1,2026-09-16T07:35:05.058520+00:00,,,,Not yet assigned,,,
2026-12-27,00:00,Estoril,Alverca,STATUS_SCHEDULED,2026-12-27T00:00:00+00:00,,,,0.0,Unknown,Unknown,0.6,1.0,0.4631504669064438,0.23613879478663016,0.3007107383069261,Home Win,Estoril,0.4631504669064438,81.79079407638706,0.18209205923612953,High Risk,No Clear Edge,No bet,Market odds unavailable; betting value cannot be established.,1.6,0.2166,0.7834,0.2852,0-0,2026-09-16T07:35:05.058520+00:00,,,,Not yet assigned,,,
2027-01-10,00:00,Sp Braga,Porto,STATUS_SCHEDULED,2027-01-10T00:00:00+00:00,,,,0.0,Unknown,Unknown,1.6,2.2,0.41135905123408134,0.27391803689096084,0.3147229118749579,Home Win,Sp Braga,0.41135905123408134,89.09449856457469,0.109055014354253,High Risk,No Clear Edge,No bet,Market odds unavailable; betting value cannot be established.,3.8,0.7311,0.2689,0.7097,1-2,2026-09-16T07:35:05.058520+00:00,,,,Not yet assigned,,,
2027-01-10,00:00,Amadora,Estoril,STATUS_SCHEDULED,2027-01-10T00:00:00+00:00,,,,0.0,Unknown,Unknown,,0.4,0.4874524497125364,0.24256659278351575,0.2699809575039479,Home Win,Amadora,0.4874524497125364,77.4185005485193,0.225814994514807,Moderate Risk,No Clear Edge,No bet,Market odds unavailable; betting value cannot be established.,,,,,,2026-09-16T07:35:05.058520+00:00,,,,Not yet assigned,,,
2027-01-10,00:00,Famalicao,Guimaraes,STATUS_SCHEDULED,2027-01-10T00:00:00+00:00,,,,0.0,Unknown,Unknown,0.8,0.6,0.4622312791857157,0.23983855627503448,0.29793016453924975,Home Win,Famalicao,0.4622312791857157,81.80188306644251,0.18198116933557487,High Risk,No Clear Edge,No bet,Market odds unavailable; betting value cannot be established.,1.4,0.1665,0.8335,0.2485,0-0,2026-09-16T07:35:05.058520+00:00,,,,Not yet assigned,,,
2027-01-10,00:00,Nacional,Gil Vicente,STATUS_SCHEDULED,2027-01-10T00:00:00+00:00,,,,0.0,Unknown,Unknown,1.2,0.6,0.4456480251277676,0.24832519141648965,0.30602678345574286,Home Win,Nacional,0.4456480251277676,84.28174042290722,0.1571825957709279,High Risk,No Clear Edge,No bet,Market odds unavailable; betting value cannot be established.,1.8,0.2694,0.7306,0.3153,1-0,2026-09-16T07:35:05.058520+00:00,,,,Not yet assigned,,,
2027-01-10,00:00,Rio Ave,Moreirense,STATUS_SCHEDULED,2027-01-10T00:00:00+00:00,,,,0.0,Unknown,Unknown,0.4,0.6,0.4643175459180484,0.24026875053563285,0.2954137035463187,Home Win,Rio Ave,0.4643175459180484,81.43129110598008,0.18568708894019925,High Risk,No Clear Edge,No bet,Market odds unavailable; betting value cannot be established.,1.0,0.0803,0.9197,0.1487,0-0,2026-09-16T07:35:05.058520+00:00,,,,Not yet assigned,,,
2027-01-10,00:00,Arouca,Benfica,STATUS_SCHEDULED,2027-01-10T00:00:00+00:00,,,,0.0,Unknown,Unknown,1.4,3.4,0.4399895942197148,0.2753073606979216,0.28470304508236355,Home Win,Arouca,0.4399895942197148,84.18538947456447,0.15814610525435527,High Risk,No Clear Edge,No bet,Market odds unavailable; betting value cannot be established.,4.8,0.8575,0.1425,0.7283,1-3,2026-09-16T07:35:05.058520+00:00,,,,Not yet assigned,,,
2027-01-10,00:00,Alverca,Maritimo,STATUS_SCHEDULED,2027-01-10T00:00:00+00:00,,,,0.0,Unknown,Unknown,0.8,1.2,0.434692992896561,0.24209298037457208,0.3232140267288669,Home Win,Alverca,0.434692992896561,86.38320197244771,0.1361679802755229,High Risk,No Clear Edge,No bet,Market odds unavailable; betting value cannot be established.,2.0,0.3233,0.6767,0.3848,0-1,2026-09-16T07:35:05.058520+00:00,,,,Not yet assigned,,,
2027-01-10,00:00,Academico Viseu,Casa Pia,STATUS_SCHEDULED,2027-01-10T00:00:00+00:00,,,,0.0,Unknown,Unknown,1.0,0.2,0.4765714536081747,0.2438269162539898,0.2796016301378354,Home Win,Academico Viseu,0.4765714536081747,79.21422201302293,0.2078577798697706,Moderate Risk,No Clear Edge,No bet,Market odds unavailable; betting value cannot be established.,1.2,0.1205,0.8795,0.1146,0-0,2026-09-16T07:35:05.058520+00:00,,,,Not yet assigned,,,
2027-01-10,00:00,Sp Lisbon,Santa Clara,STATUS_SCHEDULED,2027-01-10T00:00:00+00:00,,,,0.0,Unknown,Unknown,3.0,1.8,0.4580661800276338,0.2758357724896448,0.2660980474827215,Home Win,Sp Lisbon,0.4580661800276338,81.48059370251212,0.1851940629748787,High Risk,No Clear Edge,No bet,Market odds unavailable; betting value cannot be established.,4.8,0.8575,0.1425,0.7931,2-1,2026-09-16T07:35:05.058520+00:00,,,,Not yet assigned,,,
2027-01-17,00:00,Famalicao,Estoril,STATUS_SCHEDULED,2027-01-17T00:00:00+00:00,,,,0.0,Unknown,Unknown,0.8,0.4,0.46979537137383975,0.23681803842975205,0.2933865901964083,Home Win,Famalicao,0.46979537137383975,80.63747030674992,0.19362529693250077,High Risk,No Clear Edge,No bet,Market odds unavailable; betting value cannot be established.,1.2,0.1205,0.8795,0.1815,0-0,2026-09-16T07:35:05.058520+00:00,,,,Not yet assigned,,,
2027-01-17,00:00,Sp Lisbon,Amadora,STATUS_SCHEDULED,2027-01-17T00:00:00+00:00,,,,0.0,Unknown,Unknown,3.0,,0.46991655111805103,0.26827644639853776,0.26180700248341116,Home Win,Sp Lisbon,0.46991655111805103,79.63909340889265,0.2036090659110735,Moderate Risk,No Clear Edge,No bet,Market odds unavailable; betting value cannot be established.,,,,,,2026-09-16T07:35:05.058520+00:00,,,,Not yet assigned,,,
2027-01-17,00:00,Sp Braga,Moreirense,STATUS_SCHEDULED,2027-01-17T00:00:00+00:00,,,,0.0,Unknown,Unknown,1.6,0.6,0.4680199771789754,0.2590947431474478,0.2728852796735769,Home Win,Sp Braga,0.4680199771789754,80.06681826823012,0.19933181731769878,High Risk,No Clear Edge,No bet,Market odds unavailable; betting value cannot be established.,2.2,0.3773,0.6227,0.3601,1-0,2026-09-16T07:35:05.058520+00:00,,,,Not yet assigned,,,
2027-01-17,00:00,Rio Ave,Gil Vicente,STATUS_SCHEDULED,2027-01-17T00:00:00+00:00,,,,0.0,Unknown,Unknown,0.4,0.6,0.44626798885973984,0.24373529763315746,0.3099967135071026,Home Win,Rio Ave,0.44626798885973984,84.35622067726838,0.15643779322731616,High Risk,No Clear Edge,No bet,Market odds unavailable; betting value cannot be established.,1.0,0.0803,0.9197,0.1487,0-0,2026-09-16T07:35:05.058520+00:00,,,,Not yet assigned,,,
2027-01-17,00:00,Casa Pia,Maritimo,STATUS_SCHEDULED,2027-01-17T00:00:00+00:00,,,,0.0,Unknown,Unknown,0.0,1.2,0.42861147409182243,0.2406495989358568,0.3307389269723208,Home Win,Casa Pia,0.42861147409182243,87.47089617389659,0.1252910382610342,High Risk,No Clear Edge,No bet,Market odds unavailable; betting value cannot be established.,1.2,0.1205,0.8795,0.0,0-1,2026-09-16T07:35:05.058520+00:00,,,,Not yet assigned,,,
2027-01-17,00:00,Nacional,Santa Clara,STATUS_SCHEDULED,2027-01-17T00:00:00+00:00,,,,0.0,Unknown,Unknown,1.2,1.8,0.4265548894754335,0.2534955672873516,0.3199495432372148,Home Win,Nacional,0.4265548894754335,87.31695306466057,0.12683046935339443,High Risk,No Clear Edge,No bet,Market odds unavailable; betting value cannot be established.,3.0,0.5768,0.4232,0.5833,1-1,2026-09-16T07:35:05.058520+00:00,,,,Not yet assigned,,,
2027-01-17,00:00,Alverca,Porto,STATUS_SCHEDULED,2027-01-17T00:00:00+00:00,,,,0.0,Unknown,Unknown,0.8,2.2,0.39999547235249117,0.2520816664997807,0.34792286114772825,Home Win,Alverca,0.39999547235249117,91.87583295545573,0.08124167044544266,High Risk,No Clear Edge,No bet,Market odds unavailable; betting value cannot be established.,3.0,0.5768,0.4232,0.4897,0-2,2026-09-16T07:35:05.058520+00:00,,,,Not yet assigned,,,
2027-01-17,00:00,Academico Viseu,Benfica,STATUS_SCHEDULED,2027-01-17T00:00:00+00:00,,,,0.0,Unknown,Unknown,1.0,3.4,0.42472060908887355,0.26128835874342254,0.3139910321677039,Home Win,Academico Viseu,0.42472060908887355,87.32304789931796,0.12676952100682048,High Risk,No Clear Edge,No bet,Market odds unavailable; betting value cannot be established.,4.4,0.8149,0.1851,0.611,0-3,2026-09-16T07:35:05.058520+00:00,,,,Not yet assigned,,,
2027-01-17,00:00,Arouca,Guimaraes,STATUS_SCHEDULED,2027-01-17T00:00:00+00:00,,,,0.0,Unknown,Unknown,1.4,0.6,0.47747864258959277,0.26071637489124394,0.2618049825191634,Home Win,Arouca,0.47747864258959277,78.39950245645517,0.21600497543544833,Moderate Risk,No Clear Edge,No bet,Market odds unavailable; betting value cannot be established.,2.0,0.3233,0.6767,0.3399,1-0,2026-09-16T07:35:05.058520+00:00,,,,Not yet assigned,,,
2027-01-24,00:00,Amadora,Alverca,STATUS_SCHEDULED,2027-01-24T00:00:00+00:00,,,,0.0,Unknown,Unknown,,1.0,0.4877021490062023,0.24259303865533297,0.2697048123384648,Home Win,Amadora,0.4877021490062023,77.37512539504398,0.22624874604956016,Moderate Risk,No Clear Edge,No bet,Market odds unavailable; betting value cannot be established.,,,,,,2026-09-16T07:35:05.058520+00:00,,,,Not yet assigned,,,
2027-01-24,00:00,Moreirense,Arouca,STATUS_SCHEDULED,2027-01-24T00:00:00+00:00,,,,0.0,Unknown,Unknown,0.8,2.0,0.4283268651688658,0.25531150619141246,0.31636162863972167,Home Win,Moreirense,0.4283268651688658,86.94542914213704,0.1305457085786296,High Risk,No Clear Edge,No bet,Market odds unavailable; betting value cannot be established.,2.8,0.5305,0.4695,0.4761,0-1,2026-09-16T07:35:05.058520+00:00,,,,Not yet assigned,,,
2027-01-24,00:00,Estoril,Nacional,STATUS_SCHEDULED,2027-01-24T00:00:00+00:00,,,,0.0,Unknown,Unknown,0.6,1.6,0.45392206608459024,0.23884606026038888,0.30723187365502086,Home Win,Estoril,0.45392206608459024,83.24967339285861,0.16750326607141386,High Risk,No Clear Edge,No bet,Market odds unavailable; betting value cannot be established.,2.2,0.3773,0.6227,0.3601,0-1,2026-09-16T07:35:05.058520+00:00,,,,Not yet assigned,,,
2027-01-24,00:00,Porto,Rio Ave,STATUS_SCHEDULED,2027-01-24T00:00:00+00:00,,,,0.0,Unknown,Unknown,2.0,0.6,0.49848178310583807,0.26712638488511764,0.23439183200904437,Home Win,Porto,0.49848178310583807,75.86819117735182,0.24131808822648185,Moderate Risk,No Clear Edge,No bet,Market odds unavailable; betting value cannot be established.,2.6,0.4816,0.5184,0.3901,1-0,2026-09-16T07:35:05.058520+00:00,,,,Not yet assigned,,,
2027-01-24,00:00,Benfica,Casa Pia,STATUS_SCHEDULED,2027-01-24T00:00:00+00:00,,,,0.0,Unknown,Unknown,3.6,0.2,0.4941551114397929,0.26626693257055717,0.23957795598964998,Home Win,Benfica,0.4941551114397929,76.39890891278795,0.23601091087212053,Moderate Risk,No Clear Edge,No bet,Market odds unavailable; betting value cannot be established.,3.8,0.7311,0.2689,0.1763,3-0,2026-09-16T07:35:05.058520+00:00,,,,Not yet assigned,,,
2027-01-24,00:00,Santa Clara,Academico Viseu,STATUS_SCHEDULED,2027-01-24T00:00:00+00:00,,,,0.0,Unknown,Unknown,1.0,1.0,0.47955280669616346,0.26281642044048686,0.2576307728633497,Home Win,Santa Clara,0.47955280669616346,78.16853731773685,0.21831462682263142,Moderate Risk,No Clear Edge,No bet,Market odds unavailable; betting value cannot be established.,2.0,0.3233,0.6767,0.3996,0-0,2026-09-16T07:35:05.058520+00:00,,,,Not yet assigned,,,
2027-01-24,00:00,Maritimo,Famalicao,STATUS_SCHEDULED,2027-01-24T00:00:00+00:00,,,,0.0,Unknown,Unknown,1.4,0.6,0.47835446135536763,0.24630934954445136,0.27533618910018104,Home Win,Maritimo,0.47835446135536763,78.81474722278521,0.21185252777214778,Moderate Risk,No Clear Edge,No bet,Market odds unavailable; betting value cannot be established.,2.0,0.3233,0.6767,0.3399,1-0,2026-09-16T07:35:05.058520+00:00,,,,Not yet assigned,,,
2027-01-24,00:00,Gil Vicente,Sp Braga,STATUS_SCHEDULED,2027-01-24T00:00:00+00:00,,,,0.0,Unknown,Unknown,0.8,1.8,0.45670658947692677,0.25828407939554066,0.28500933112753246,Home Win,Gil Vicente,0.45670658947692677,82.01689693843473,0.1798310306156527,High Risk,No Clear Edge,No bet,Market odds unavailable; betting value cannot be established.,2.6,0.4816,0.5184,0.4596,0-1,2026-09-16T07:35:05.058520+00:00,,,,Not yet assigned,,,
2027-01-24,00:00,Guimaraes,Sp Lisbon,STATUS_SCHEDULED,2027-01-24T00:00:00+00:00,,,,0.0,Unknown,Unknown,0.6,2.8,0.413483344535185,0.25662515057334595,0.32989150489146896,Home Win,Guimaraes,0.413483344535185,89.41097046942465,0.10589029530575346,High Risk,No Clear Edge,No bet,Market odds unavailable; betting value cannot be established.,3.4,0.6603,0.3397,0.4238,0-2,2026-09-16T07:35:05.058520+00:00,,,,Not yet assigned,,,
2027-01-31,00:00,Casa Pia,Gil Vicente,STATUS_SCHEDULED,2027-01-31T00:00:00+00:00,,,,0.0,Unknown,Unknown,0.0,0.6,0.43316392630080597,0.2414879109106997,0.32534816278849427,Home Win,Casa Pia,0.43316392630080597,86.66615511335769,0.1333384488664231,High Risk,No Clear Edge,No bet,Market odds unavailable; betting value cannot be established.,0.6,0.0231,0.9769,0.0,0-0,2026-09-16T07:35:05.058520+00:00,,,,Not yet assigned,,,
2027-01-31,00:00,Nacional,Guimaraes,STATUS_SCHEDULED,2027-01-31T00:00:00+00:00,,,,0.0,Unknown,Unknown,1.2,0.6,0.4613453823307833,0.2444500121794842,0.29420460548973254,Home Win,Nacional,0.4613453823307833,81.77165208471344,0.18228347915286552,High Risk,No Clear Edge,No bet,Market odds unavailable; betting value cannot be established.,1.8,0.2694,0.7306,0.3153,1-0,2026-09-16T07:35:05.058520+00:00,,,,Not yet assigned,,,
2027-01-31,00:00,Benfica,Moreirense,STATUS_SCHEDULED,2027-01-31T00:00:00+00:00,,,,0.0,Unknown,Unknown,3.6,0.6,0.48217719396800435,0.27163583539351627,0.24618697063847939,Home Win,Benfica,0.48217719396800435,78.17133347609355,0.21828666523906454,Moderate Risk,No Clear Edge,No bet,Market odds unavailable; betting value cannot be established.,4.2,0.7898,0.2102,0.4389,3-0,2026-09-16T07:35:05.058520+00:00,,,,Not yet assigned,,,
2027-01-31,00:00,Sp Braga,Amadora,STATUS_SCHEDULED,2027-01-31T00:00:00+00:00,,,,0.0,Unknown,Unknown,1.6,,0.4429324795295236,0.2616847000711227,0.2953828203993537,Home Win,Sp Braga,0.4429324795295236,84.21943912047163,0.15780560879528366,High Risk,No Clear Edge,No bet,Market odds unavailable; betting value cannot be established.,,,,,,2026-09-16T07:35:05.058520+00:00,,,,Not yet assigned,,,
2027-01-31,00:00,Arouca,Porto,STATUS_SCHEDULED,2027-01-31T00:00:00+00:00,,,,0.0,Unknown,Unknown,1.4,2.2,0.42301153434588973,0.2768192833159798,0.30016918233813056,Home Win,Arouca,0.42301153434588973,87.00511569854993,0.12994884301450071,High Risk,No Clear Edge,No bet,Market odds unavailable; betting value cannot be established.,3.6,0.6973,0.3027,0.6699,1-2,2026-09-16T07:35:05.058520+00:00,,,,Not yet assigned,,,
2027-01-31,00:00,Famalicao,Santa Clara,STATUS_SCHEDULED,2027-01-31T00:00:00+00:00,,,,0.0,Unknown,Unknown,0.8,1.8,0.4273361330149246,0.24869144510878052,0.3239724218762949,Home Win,Famalicao,0.4273361330149246,87.37246872364746,0.1262753127635254,High Risk,No Clear Edge,No bet,Market odds unavailable; betting value cannot be established.,2.6,0.4816,0.5184,0.4596,0-1,2026-09-16T07:35:05.058520+00:00,,,,Not yet assigned,,,
2027-01-31,00:00,Academico Viseu,Maritimo,STATUS_SCHEDULED,2027-01-31T00:00:00+00:00,,,,0.0,Unknown,Unknown,1.0,1.2,0.44215924537954326,0.25140708972109804,0.3064336648993586,Home Win,Academico Viseu,0.44215924537954326,84.75272009873012,0.15247279901269875,High Risk,No Clear Edge,No bet,Market odds unavailable; betting value cannot be established.,2.2,0.3773,0.6227,0.4417,0-1,2026-09-16T07:35:05.058520+00:00,,,,Not yet assigned,,,
2027-01-31,00:00,Rio Ave,Estoril,STATUS_SCHEDULED,2027-01-31T00:00:00+00:00,,,,0.0,Unknown,Unknown,0.4,0.4,0.46957848712786326,0.23692579837804512,0.2934957144940917,Home Win,Rio Ave,0.46957848712786326,80.67002963743882,0.19329970362561186,High Risk,No Clear Edge,No bet,Market odds unavailable; betting value cannot be established.,0.8,0.0474,0.9526,0.1087,0-0,2026-09-16T07:35:05.058520+00:00,,,,Not yet assigned,,,
2027-01-31,00:00,Alverca,Sp Lisbon,STATUS_SCHEDULED,2027-01-31T00:00:00+00:00,,,,0.0,Unknown,Unknown,0.8,2.8,0.4090118071714409,0.24975597868486873,0.34123221414369037,Home Win,Alverca,0.4090118071714409,90.43798135717384,0.0956201864282615,High Risk,No Clear Edge,No bet,Market odds unavailable; betting value cannot be established.,3.6,0.6973,0.3027,0.5172,0-2,2026-09-16T07:35:05.058520+00:00,,,,Not yet assigned,,,
2027-02-07,00:00,Maritimo,Arouca,STATUS_SCHEDULED,2027-02-07T00:00:00+00:00,,,,0.0,Unknown,Unknown,1.4,2.0,0.45014670757249176,0.257212491570085,0.29264080085742333,Home Win,Maritimo,0.45014670757249176,83.17115643713939,0.16828843562860618,High Risk,No Clear Edge,No bet,Market odds unavailable; betting value cannot be established.,3.4,0.6603,0.3397,0.6514,1-1,2026-09-16T07:35:05.058520+00:00,,,,Not yet assigned,,,
2027-02-07,00:00,Santa Clara,Alverca,STATUS_SCHEDULED,2027-02-07T00:00:00+00:00,,,,0.0,Unknown,Unknown,1.0,1.0,0.4918031997130469,0.25769493721597103,0.25050186307098216,Home Win,Santa Clara,0.4918031997130469,76.37025410240145,0.23629745897598556,Moderate Risk,No Clear Edge,No bet,Market odds unavailable; betting value cannot be established.,2.0,0.3233,0.6767,0.3996,0-0,2026-09-16T07:35:05.058520+00:00,,,,Not yet assigned,,,
2027-02-07,00:00,Estoril,Benfica,STATUS_SCHEDULED,2027-02-07T00:00:00+00:00,,,,0.0,Unknown,Unknown,0.6,3.4,0.4177684951181047,0.25134524350654835,0.3308862613753468,Home Win,Estoril,0.4177684951181047,88.89096303841295,0.11109036961587047,High Risk,No Clear Edge,No bet,Market odds unavailable; betting value cannot be established.,4.0,0.7619,0.2381,0.4361,0-3,2026-09-16T07:35:05.058520+00:00,,,,Not yet assigned,,,
2027-02-07,00:00,Sp Lisbon,Rio Ave,STATUS_SCHEDULED,2027-02-07T00:00:00+00:00,,,,0.0,Unknown,Unknown,3.0,0.6,0.49321430125544813,0.26233277911462255,0.2444529196299293,Home Win,Sp Lisbon,0.49321430125544813,76.36767814942678,0.23632321850573224,Moderate Risk,No Clear Edge,No bet,Market odds unavailable; betting value cannot be established.,3.6,0.6973,0.3027,0.4287,2-0,2026-09-16T07:35:05.058520+00:00,,,,Not yet assigned,,,
2027-02-07,00:00,Porto,Academico Viseu,STATUS_SCHEDULED,2027-02-07T00:00:00+00:00,,,,0.0,Unknown,Unknown,2.0,1.0,0.49321137824661726,0.27098628769705113,0.23580233405633153,Home Win,Porto,0.49321137824661726,76.70667496467367,0.2329332503532634,Moderate Risk,No Clear Edge,No bet,Market odds unavailable; betting value cannot be established.,3.0,0.5768,0.4232,0.5466,1-0,2026-09-16T07:35:05.058520+00:00,,,,Not yet assigned,,,
2027-02-07,00:00,Amadora,Nacional,STATUS_SCHEDULED,2027-02-07T00:00:00+00:00,,,,0.0,Unknown,Unknown,,1.6,0.47850496608796256,0.2456414572884344,0.27585357662360294,Home Win,Amadora,0.47850496608796256,78.8153617694502,0.21184638230549788,Moderate Risk,No Clear Edge,No bet,Market odds unavailable; betting value cannot be established.,,,,,,2026-09-16T07:35:05.058520+00:00,,,,Not yet assigned,,,
2027-02-07,00:00,Guimaraes,Sp Braga,STATUS_SCHEDULED,2027-02-07T00:00:00+00:00,,,,0.0,Unknown,Unknown,0.6,1.8,0.4447626225483642,0.2516534934466504,0.3035838840049854,Home Win,Guimaraes,0.4447626225483642,84.30163599823453,0.1569836400176547,High Risk,No Clear Edge,No bet,Market odds unavailable; betting value cannot be established.,2.4,0.4303,0.5697,0.3766,0-1,2026-09-16T07:35:05.058520+00:00,,,,Not yet assigned,,,
2027-02-07,00:00,Gil Vicente,Famalicao,STATUS_SCHEDULED,2027-02-07T00:00:00+00:00,,,,0.0,Unknown,Unknown,0.8,0.6,0.4717930684763625,0.24973707233370168,0.2784698591899359,Home Win,Gil Vicente,0.4717930684763625,79.79320294964587,0.20206797050354136,Moderate Risk,No Clear Edge,No bet,Market odds unavailable; betting value cannot be established.,1.4,0.1665,0.8335,0.2485,0-0,2026-09-16T07:35:05.058520+00:00,,,,Not yet assigned,,,
2027-02-07,00:00,Moreirense,Casa Pia,STATUS_SCHEDULED,2027-02-07T00:00:00+00:00,,,,0.0,Unknown,Unknown,0.8,0.2,0.47029025664275226,0.2429539025683232,0.2867558407889245,Home Win,Moreirense,0.47029025664275226,80.3134559470337,0.1968654405296629,High Risk,No Clear Edge,No bet,Market odds unavailable; betting value cannot be established.,1.0,0.0803,0.9197,0.0998,0-0,2026-09-16T07:35:05.058520+00:00,,,,Not yet assigned,,,
2027-02-14,00:00,Arouca,Estoril,STATUS_SCHEDULED,2027-02-14T00:00:00+00:00,,,,0.0,Unknown,Unknown,1.4,0.4,0.4850315408865186,0.2572946257090531,0.2576738334044283,Home Win,Arouca,0.4850315408865186,77.25268814801868,0.2274731185198132,Moderate Risk,No Clear Edge,No bet,Market odds unavailable; betting value cannot be established.,1.8,0.2694,0.7306,0.2484,1-0,2026-09-16T07:35:05.058520+00:00,,,,Not yet assigned,,,
2027-02-14,00:00,Nacional,Sp Lisbon,STATUS_SCHEDULED,2027-02-14T00:00:00+00:00,,,,0.0,Unknown,Unknown,1.2,2.8,0.4154740099305694,0.25564151404709495,0.32888447602233567,Home Win,Nacional,0.4154740099305694,89.11191298384321,0.10888087016156787,High Risk,No Clear Edge,No bet,Market odds unavailable; betting value cannot be established.,4.0,0.7619,0.2381,0.6563,1-2,2026-09-16T07:35:05.058520+00:00,,,,Not yet assigned,,,
2027-02-14,00:00,Moreirense,Porto,STATUS_SCHEDULED,2027-02-14T00:00:00+00:00,,,,0.0,Unknown,Unknown,0.8,2.2,0.40124411266685195,0.26067440377888207,0.3380814835542661,Home Win,Moreirense,0.40124411266685195,91.32786944340363,0.08672130556596364,High Risk,No Clear Edge,No bet,Market odds unavailable; betting value cannot be established.,3.0,0.5768,0.4232,0.4897,0-2,2026-09-16T07:35:05.058520+00:00,,,,Not yet assigned,,,
2027-02-14,00:00,Sp Braga,Alverca,STATUS_SCHEDULED,2027-02-14T00:00:00+00:00,,,,0.0,Unknown,Unknown,1.6,1.0,0.47360355151849687,0.25553833532240944,0.2708581131590937,Home Win,Sp Braga,0.47360355151849687,79.25920205598669,0.20740797944013312,Moderate Risk,No Clear Edge,No bet,Market odds unavailable; betting value cannot be established.,2.6,0.4816,0.5184,0.5045,1-0,2026-09-16T07:35:05.058520+00:00,,,,Not yet assigned,,,
2027-02-14,00:00,Academico Viseu,Gil Vicente,STATUS_SCHEDULED,2027-02-14T00:00:00+00:00,,,,0.0,Unknown,Unknown,1.0,0.6,0.44659767227029495,0.2521372601141295,0.30126506761557564,Home Win,Academico Viseu,0.44659767227029495,83.9715453931797,0.16028454606820294,High Risk,No Clear Edge,No bet,Market odds unavailable; betting value cannot be established.,1.6,0.2166,0.7834,0.2852,0-0,2026-09-16T07:35:05.058520+00:00,,,,Not yet assigned,,,
2027-02-14,00:00,Benfica,Maritimo,STATUS_SCHEDULED,2027-02-14T00:00:00+00:00,,,,0.0,Unknown,Unknown,3.6,1.2,0.4605054060003534,0.2757616475407227,0.2637329464589239,Home Win,Benfica,0.4605054060003534,81.15953325154742,0.18840466748452595,High Risk,No Clear Edge,No bet,Market odds unavailable; betting value cannot be established.,4.8,0.8575,0.1425,0.6797,3-1,2026-09-16T07:35:05.058520+00:00,,,,Not yet assigned,,,
2027-02-14,00:00,Casa Pia,Guimaraes,STATUS_SCHEDULED,2027-02-14T00:00:00+00:00,,,,0.0,Unknown,Unknown,0.0,0.6,0.4489061176929923,0.23797631179521406,0.3131175705117937,Home Win,Casa Pia,0.4489061176929923,84.13423740789727,0.15865762592102725,High Risk,No Clear Edge,No bet,Market odds unavailable; betting value cannot be established.,0.6,0.0231,0.9769,0.0,0-0,2026-09-16T07:35:05.058520+00:00,,,,Not yet assigned,,,
2027-02-14,00:00,Famalicao,Amadora,STATUS_SCHEDULED,2027-02-14T00:00:00+00:00,,,,0.0,Unknown,Unknown,0.8,,0.43882347155712736,0.2421143453642387,0.319062183078634,Home Win,Famalicao,0.43882347155712736,85.68198043910384,0.14318019560896153,High Risk,No Clear Edge,No bet,Market odds unavailable; betting value cannot be established.,,,,,,2026-09-16T07:35:05.058520+00:00,,,,Not yet assigned,,,
2027-02-14,00:00,Rio Ave,Santa Clara,STATUS_SCHEDULED,2027-02-14T00:00:00+00:00,,,,0.0,Unknown,Unknown,0.4,1.8,0.42712331132252745,0.24879555648922477,0.32408113218824786,Home Win,Rio Ave,0.42712331132252745,87.40448195660177,0.12595518043398232,High Risk,No Clear Edge,No bet,Market odds unavailable; betting value cannot be established.,2.2,0.3773,0.6227,0.2752,0-1,2026-09-16T07:35:05.058520+00:00,,,,Not yet assigned,,,
2027-02-21,00:00,Guimaraes,Academico Viseu,STATUS_SCHEDULED,2027-02-21T00:00:00+00:00,,,,0.0,Unknown,Unknown,0.6,1.0,0.45481660767297244,0.24690319479724215,0.29828019752978546,Home Win,Guimaraes,0.45481660767297244,82.78271107642998,0.17217288923570018,High Risk,No Clear Edge,No bet,Market odds unavailable; betting value cannot be established.,1.6,0.2166,0.7834,0.2852,0-0,2026-09-16T07:35:05.058520+00:00,,,,Not yet assigned,,,
2027-02-21,00:00,Maritimo,Moreirense,STATUS_SCHEDULED,2027-02-21T00:00:00+00:00,,,,0.0,Unknown,Unknown,1.4,0.6,0.48008898552458373,0.24857016515038086,0.27134084932503544,Home Win,Maritimo,0.48008898552458373,78.4321655573383,0.21567834442661704,Moderate Risk,No Clear Edge,No bet,Market odds unavailable; betting value cannot be established.,2.0,0.3233,0.6767,0.3399,1-0,2026-09-16T07:35:05.058520+00:00,,,,Not yet assigned,,,
2027-02-21,00:00,Estoril,Sp Braga,STATUS_SCHEDULED,2027-02-21T00:00:00+00:00,,,,0.0,Unknown,Unknown,0.6,1.8,0.44080913560494545,0.24500877078532438,0.3141820936097302,Home Win,Estoril,0.44080913560494545,85.23202075799657,0.14767979242003434,High Risk,No Clear Edge,No bet,Market odds unavailable; betting value cannot be established.,2.4,0.4303,0.5697,0.3766,0-1,2026-09-16T07:35:05.058520+00:00,,,,Not yet assigned,,,
2027-02-21,00:00,Gil Vicente,Benfica,STATUS_SCHEDULED,2027-02-21T00:00:00+00:00,,,,0.0,Unknown,Unknown,0.8,3.4,0.43371920589055557,0.26550515253143836,0.300775641578006,Home Win,Gil Vicente,0.43371920589055557,85.63219390211037,0.1436780609788962,High Risk,No Clear Edge,No bet,Market odds unavailable; betting value cannot be established.,4.2,0.7898,0.2102,0.5323,0-3,2026-09-16T07:35:05.058520+00:00,,,,Not yet assigned,,,
2027-02-21,00:00,Porto,Casa Pia,STATUS_SCHEDULED,2027-02-21T00:00:00+00:00,,,,0.0,Unknown,Unknown,2.0,0.2,0.5116833734094021,0.2637792662770521,0.22453736031354582,Home Win,Porto,0.5116833734094021,74.01527040961481,0.25984729590385186,Moderate Risk,No Clear Edge,No bet,Market odds unavailable; betting value cannot be established.,2.2,0.3773,0.6227,0.1567,1-0,2026-09-16T07:35:05.058520+00:00,,,,Not yet assigned,,,
2027-02-21,00:00,Sp Lisbon,Famalicao,STATUS_SCHEDULED,2027-02-21T00:00:00+00:00,,,,0.0,Unknown,Unknown,3.0,0.6,0.493075873184102,0.26232082666666934,0.24460330014922876,Home Win,Sp Lisbon,0.493075873184102,76.38526628033462,0.23614733719665376,Moderate Risk,No Clear Edge,No bet,Market odds unavailable; betting value cannot be established.,3.6,0.6973,0.3027,0.4287,2-0,2026-09-16T07:35:05.058520+00:00,,,,Not yet assigned,,,
2027-02-21,00:00,Santa Clara,Arouca,STATUS_SCHEDULED,2027-02-21T00:00:00+00:00,,,,0.0,Unknown,Unknown,1.0,2.0,0.4564938574513337,0.2708403047257304,0.27266583782293596,Home Win,Santa Clara,0.4564938574513337,81.56163833420179,0.18438361665798209,High Risk,No Clear Edge,No bet,Market odds unavailable; betting value cannot be established.,3.0,0.5768,0.4232,0.5466,0-1,2026-09-16T07:35:05.058520+00:00,,,,Not yet assigned,,,
2027-02-21,00:00,Amadora,Rio Ave,STATUS_SCHEDULED,2027-02-21T00:00:00+00:00,,,,0.0,Unknown,Unknown,,0.6,0.48051700540844833,0.2438300434188609,0.2756529511726908,Home Win,Amadora,0.48051700540844833,78.54507129695986,0.21454928703040138,Moderate Risk,No Clear Edge,No bet,Market odds unavailable; betting value cannot be established.,,,,,,2026-09-16T07:35:05.058520+00:00,,,,Not yet assigned,,,
2027-02-21,00:00,Alverca,Nacional,STATUS_SCHEDULED,2027-02-21T00:00:00+00:00,,,,0.0,Unknown,Unknown,0.8,1.6,0.4535524115023858,0.239026886684489,0.30742070181312525,Home Win,Alverca,0.4535524115023858,83.30527813585458,0.16694721864145418,High Risk,No Clear Edge,No bet,Market odds unavailable; betting value cannot be established.,2.4,0.4303,0.5697,0.4395,0-1,2026-09-16T07:35:05.058520+00:00,,,,Not yet assigned,,,
2027-02-28,00:00,Rio Ave,Alverca,STATUS_SCHEDULED,2027-02-28T00:00:00+00:00,,,,0.0,Unknown,Unknown,0.4,1.0,0.4698349214752391,0.23695964386121987,0.2932054346635411,Home Win,Rio Ave,0.4698349214752391,80.62522290310739,0.1937477709689262,High Risk,No Clear Edge,No bet,Market odds unavailable; betting value cannot be established.,1.4,0.1665,0.8335,0.2084,0-0,2026-09-16T07:35:05.058520+00:00,,,,Not yet assigned,,,
2027-02-28,00:00,Maritimo,Gil Vicente,STATUS_SCHEDULED,2027-02-28T00:00:00+00:00,,,,0.0,Unknown,Unknown,1.4,0.6,0.4622036127013704,0.2525812406541256,0.285215146644504,Home Win,Maritimo,0.4622036127013704,81.30794755982357,0.18692052440176415,High Risk,No Clear Edge,No bet,Market odds unavailable; betting value cannot be established.,2.0,0.3233,0.6767,0.3399,1-0,2026-09-16T07:35:05.058520+00:00,,,,Not yet assigned,,,
2027-02-28,00:00,Casa Pia,Estoril,STATUS_SCHEDULED,2027-02-28T00:00:00+00:00,,,,0.0,Unknown,Unknown,0.0,0.4,0.45644669915853203,0.23507944230564332,0.3084738585358247,Home Win,Casa Pia,0.45644669915853203,82.96897283507157,0.17031027164928425,High Risk,No Clear Edge,No bet,Market odds unavailable; betting value cannot be established.,0.4,0.0079,0.9921,0.0,0-0,2026-09-16T07:35:05.058520+00:00,,,,Not yet assigned,,,
2027-02-28,00:00,Moreirense,Guimaraes,STATUS_SCHEDULED,2027-02-28T00:00:00+00:00,,,,0.0,Unknown,Unknown,0.8,0.6,0.4559675867826767,0.24716895125500102,0.2968634619623222,Home Win,Moreirense,0.4559675867826767,82.57714588774174,0.1742285411225827,High Risk,No Clear Edge,No bet,Market odds unavailable; betting value cannot be established.,1.4,0.1665,0.8335,0.2485,0-0,2026-09-16T07:35:05.058520+00:00,,,,Not yet assigned,,,
2027-02-28,00:00,Benfica,Porto,STATUS_SCHEDULED,2027-02-28T00:00:00+00:00,,,,0.0,Unknown,Unknown,3.6,2.2,0.42597039200382414,0.2886457545317279,0.28538385346444783,Home Win,Benfica,0.42597039200382414,86.16826100291664,0.13831738997083368,High Risk,No Clear Edge,No bet,Market odds unavailable; betting value cannot be established.,5.8,0.9285,0.0715,0.8649,3-2,2026-09-16T07:35:05.058520+00:00,,,,Not yet assigned,,,
2027-02-28,00:00,Famalicao,Nacional,STATUS_SCHEDULED,2027-02-28T00:00:00+00:00,,,,0.0,Unknown,Unknown,0.8,1.6,0.4608216064031077,0.23963782248189516,0.2995405711149972,Home Win,Famalicao,0.4608216064031077,82.04876933887715,0.17951230661122858,High Risk,No Clear Edge,No bet,Market odds unavailable; betting value cannot be established.,2.4,0.4303,0.5697,0.4395,0-1,2026-09-16T07:35:05.058520+00:00,,,,Not yet assigned,,,
2027-02-28,00:00,Sp Braga,Santa Clara,STATUS_SCHEDULED,2027-02-28T00:00:00+00:00,,,,0.0,Unknown,Unknown,1.6,1.8,0.4313118475886444,0.26877739998008393,0.29991075243127163,Home Win,Sp Braga,0.4313118475886444,85.91235367053093,0.14087646329469075,High Risk,No Clear Edge,No bet,Market odds unavailable; betting value cannot be established.,3.4,0.6603,0.3397,0.6662,1-1,2026-09-16T07:35:05.058520+00:00,,,,Not yet assigned,,,
2027-02-28,00:00,Arouca,Sp Lisbon,STATUS_SCHEDULED,2027-02-28T00:00:00+00:00,,,,0.0,Unknown,Unknown,1.4,2.8,0.4320244040674087,0.27393421019945136,0.2940413857331399,Home Win,Arouca,0.4320244040674087,85.58974065033043,0.14410259349669577,High Risk,No Clear Edge,No bet,Market odds unavailable; betting value cannot be established.,4.2,0.7898,0.2102,0.7076,1-2,2026-09-16T07:35:05.058520+00:00,,,,Not yet assigned,,,
2027-02-28,00:00,Academico Viseu,Amadora,STATUS_SCHEDULED,2027-02-28T00:00:00+00:00,,,,0.0,Unknown,Unknown,1.0,,0.4390723205645545,0.25064712612654777,0.31028055330889776,Home Win,Academico Viseu,0.4390723205645545,85.30589288192803,0.14694107118071978,High Risk,No Clear Edge,No bet,Market odds unavailable; betting value cannot be established.,,,,,,2026-09-16T07:35:05.058520+00:00,,,,Not yet assigned,,,
2027-03-07,00:00,Gil Vicente,Moreirense,STATUS_SCHEDULED,2027-03-07T00:00:00+00:00,,,,0.0,Unknown,Unknown,0.8,0.6,0.4735217006974739,0.2520388776388555,0.2744394216636705,Home Win,Gil Vicente,0.4735217006974739,79.41001640890791,0.20589983591092093,Moderate Risk,No Clear Edge,No bet,Market odds unavailable; betting value cannot be established.,1.4,0.1665,0.8335,0.2485,0-0,2026-09-16T07:35:05.058520+00:00,,,,Not yet assigned,,,
2027-03-07,00:00,Porto,Maritimo,STATUS_SCHEDULED,2027-03-07T00:00:00+00:00,,,,0.0,Unknown,Unknown,2.0,1.2,0.47817837068480545,0.2739519950681573,0.2478696342470372,Home Win,Porto,0.47817837068480545,78.78355145682283,0.21216448543177163,Moderate Risk,No Clear Edge,No bet,Market odds unavailable; betting value cannot be established.,3.2,0.6201,0.3799,0.6042,1-1,2026-09-16T07:35:05.058520+00:00,,,,Not yet assigned,,,
2027-03-07,00:00,Alverca,Famalicao,STATUS_SCHEDULED,2027-03-07T00:00:00+00:00,,,,0.0,Unknown,Unknown,0.8,0.6,0.4553447958830453,0.23726026479249124,0.3073949393244636,Home Win,Alverca,0.4553447958830453,83.07048077142963,0.16929519228570372,High Risk,No Clear Edge,No bet,Market odds unavailable; betting value cannot be established.,1.4,0.1665,0.8335,0.2485,0-0,2026-09-16T07:35:05.058520+00:00,,,,Not yet assigned,,,
2027-03-07,00:00,Santa Clara,Casa Pia,STATUS_SCHEDULED,2027-03-07T00:00:00+00:00,,,,0.0,Unknown,Unknown,1.0,0.2,0.4981793573035057,0.25616919823286377,0.2456514444636306,Home Win,Santa Clara,0.4981793573035057,75.4788785434374,0.24521121456562597,Moderate Risk,No Clear Edge,No bet,Market odds unavailable; betting value cannot be established.,1.2,0.1205,0.8795,0.1146,0-0,2026-09-16T07:35:05.058520+00:00,,,,Not yet assigned,,,
2027-03-07,00:00,Sp Lisbon,Sp Braga,STATUS_SCHEDULED,2027-03-07T00:00:00+00:00,,,,0.0,Unknown,Unknown,3.0,1.8,0.4778082411688727,0.27158235823418214,0.2506094005969452,Home Win,Sp Lisbon,0.4778082411688727,78.73910430018026,0.21260895699819748,Moderate Risk,No Clear Edge,No bet,Market odds unavailable; betting value cannot be established.,4.8,0.8575,0.1425,0.7931,2-1,2026-09-16T07:35:05.058520+00:00,,,,Not yet assigned,,,
2027-03-07,00:00,Amadora,Arouca,STATUS_SCHEDULED,2027-03-07T00:00:00+00:00,,,,0.0,Unknown,Unknown,,2.0,0.45213423300701067,0.25465656402563885,0.29320920296735054,Home Win,Amadora,0.45213423300701067,82.93415581085145,0.17065844189148546,High Risk,No Clear Edge,No bet,Market odds unavailable; betting value cannot be established.,,,,,,2026-09-16T07:35:05.058520+00:00,,,,Not yet assigned,,,
2027-03-07,00:00,Guimaraes,Benfica,STATUS_SCHEDULED,2027-03-07T00:00:00+00:00,,,,0.0,Unknown,Unknown,0.6,3.4,0.42176766999676846,0.2583163574638254,0.3199159725394061,Home Win,Guimaraes,0.42176766999676846,87.94005936065913,0.12059940639340859,High Risk,No Clear Edge,No bet,Market odds unavailable; betting value cannot be established.,4.0,0.7619,0.2381,0.4361,0-3,2026-09-16T07:35:05.058520+00:00,,,,Not yet assigned,,,
2027-03-07,00:00,Nacional,Rio Ave,STATUS_SCHEDULED,2027-03-07T00:00:00+00:00,,,,0.0,Unknown,Unknown,1.2,0.6,0.461920223833677,0.24246941305532282,0.29561036311100025,Home Win,Nacional,0.461920223833677,81.75168066516824,0.18248319334831767,High Risk,No Clear Edge,No bet,Market odds unavailable; betting value cannot be established.,1.8,0.2694,0.7306,0.3153,1-0,2026-09-16T07:35:05.058520+00:00,,,,Not yet assigned,,,
2027-03-07,00:00,Estoril,Academico Viseu,STATUS_SCHEDULED,2027-03-07T00:00:00+00:00,,,,0.0,Unknown,Unknown,0.6,1.0,0.45084096916130034,0.24041974560288945,0.3087392852358101,Home Win,Estoril,0.45084096916130034,83.71054127079687,0.16289458729203132,High Risk,No Clear Edge,No bet,Market odds unavailable; betting value cannot be established.,1.6,0.2166,0.7834,0.2852,0-0,2026-09-16T07:35:05.058520+00:00,,,,Not yet assigned,,,
2027-03-14,00:00,Maritimo,Guimaraes,STATUS_SCHEDULED,2027-03-14T00:00:00+00:00,,,,0.0,Unknown,Unknown,1.4,0.6,0.47785301315348033,0.2483116969274502,0.2738352899190695,Home Win,Maritimo,0.47785301315348033,78.82142267246617,0.21178577327533837,Moderate Risk,No Clear Edge,No bet,Market odds unavailable; betting value cannot be established.,2.0,0.3233,0.6767,0.3399,1-0,2026-09-16T07:35:05.058520+00:00,,,,Not yet assigned,,,
2027-03-14,00:00,Benfica,Santa Clara,STATUS_SCHEDULED,2027-03-14T00:00:00+00:00,,,,0.0,Unknown,Unknown,3.6,1.8,0.44582356555647695,0.2827161182596808,0.27146031618384225,Home Win,Benfica,0.44582356555647695,83.34668738105573,0.1665331261894427,High Risk,No Clear Edge,No bet,Market odds unavailable; betting value cannot be established.,5.4,0.9052,0.0948,0.8119,3-1,2026-09-16T07:35:05.058520+00:00,,,,Not yet assigned,,,
2027-03-14,00:00,Arouca,Alverca,STATUS_SCHEDULED,2027-03-14T00:00:00+00:00,,,,0.0,Unknown,Unknown,1.4,1.0,0.48527371395717767,0.2573193440628757,0.25740694197994657,Home Win,Arouca,0.48527371395717767,77.21065677871387,0.22789343221286132,Moderate Risk,No Clear Edge,No bet,Market odds unavailable; betting value cannot be established.,2.4,0.4303,0.5697,0.4762,1-0,2026-09-16T07:35:05.058520+00:00,,,,Not yet assigned,,,
2027-03-14,00:00,Academico Viseu,Sp Lisbon,STATUS_SCHEDULED,2027-03-14T00:00:00+00:00,,,,0.0,Unknown,Unknown,1.0,2.8,0.4164874890355823,0.25964577552315926,0.3238667354412584,Home Win,Academico Viseu,0.4164874890355823,88.7833736865385,0.11216626313461492,High Risk,No Clear Edge,No bet,Market odds unavailable; betting value cannot be established.,3.8,0.7311,0.2689,0.5937,0-2,2026-09-16T07:35:05.058520+00:00,,,,Not yet assigned,,,
2027-03-14,00:00,Porto,Gil Vicente,STATUS_SCHEDULED,2027-03-14T00:00:00+00:00,,,,0.0,Unknown,Unknown,2.0,0.6,0.482295990279327,0.27435946965775704,0.24334454006291598,Home Win,Porto,0.482295990279327,78.26241529800001,0.21737584701999987,Moderate Risk,No Clear Edge,No bet,Market odds unavailable; betting value cannot be established.,2.6,0.4816,0.5184,0.3901,1-0,2026-09-16T07:35:05.058520+00:00,,,,Not yet assigned,,,
2027-03-14,00:00,Casa Pia,Amadora,STATUS_SCHEDULED,2027-03-14T00:00:00+00:00,,,,0.0,Unknown,Unknown,0.0,,0.4254352495943311,0.2398184983151141,0.3347462520905548,Home Win,Casa Pia,0.4254352495943311,88.04199469993505,0.11958005300064953,High Risk,No Clear Edge,No bet,Market odds unavailable; betting value cannot be established.,,,,,,2026-09-16T07:35:05.058520+00:00,,,,Not yet assigned,,,
2027-03-14,00:00,Sp Braga,Nacional,STATUS_SCHEDULED,2027-03-14T00:00:00+00:00,,,,0.0,Unknown,Unknown,1.6,1.6,0.4644609884353924,0.25863178881826293,0.2769072227463447,Home Win,Sp Braga,0.4644609884353924,80.68841457241447,0.19311585427585518,High Risk,No Clear Edge,No bet,Market odds unavailable; betting value cannot be established.,3.2,0.6201,0.3799,0.637,1-1,2026-09-16T07:35:05.058520+00:00,,,,Not yet assigned,,,
2027-03-14,00:00,Famalicao,Rio Ave,STATUS_SCHEDULED,2027-03-14T00:00:00+00:00,,,,0.0,Unknown,Unknown,0.8,0.6,0.4627811845641592,0.2378819351567138,0.299336880279127,Home Win,Famalicao,0.4627811845641592,81.78520167646681,0.18214798323533185,High Risk,No Clear Edge,No bet,Market odds unavailable; betting value cannot be established.,1.4,0.1665,0.8335,0.2485,0-0,2026-09-16T07:35:05.058520+00:00,,,,Not yet assigned,,,
2027-03-14,00:00,Moreirense,Estoril,STATUS_SCHEDULED,2027-03-14T00:00:00+00:00,,,,0.0,Unknown,Unknown,0.8,0.4,0.463511938983371,0.2440996991684465,0.2923883618481826,Home Win,Moreirense,0.463511938983371,81.41798733535876,0.18582012664641234,High Risk,No Clear Edge,No bet,Market odds unavailable; betting value cannot be established.,1.2,0.1205,0.8795,0.1815,0-0,2026-09-16T07:35:05.058520+00:00,,,,Not yet assigned,,,
2027-03-21,00:00,Nacional,Arouca,STATUS_SCHEDULED,2027-03-21T00:00:00+00:00,,,,0.0,Unknown,Unknown,1.2,2.0,0.4336345935730124,0.2526521135502599,0.31371329287672783,Home Win,Nacional,0.4336345935730124,86.1494862117399,0.13850513788260094,High Risk,No Clear Edge,No bet,Market odds unavailable; betting value cannot be established.,3.2,0.6201,0.3799,0.6042,1-1,2026-09-16T07:35:05.058520+00:00,,,,Not yet assigned,,,
2027-03-21,00:00,Guimaraes,Gil Vicente,STATUS_SCHEDULED,2027-03-21T00:00:00+00:00,,,,0.0,Unknown,Unknown,0.6,0.6,0.44362045927386334,0.24934119525327186,0.3070383454728648,Home Win,Guimaraes,0.44362045927386334,84.58578839582557,0.15414211604174424,High Risk,No Clear Edge,No bet,Market odds unavailable; betting value cannot be established.,1.2,0.1205,0.8795,0.2036,0-0,2026-09-16T07:35:05.058520+00:00,,,,Not yet assigned,,,
2027-03-21,00:00,Amadora,Moreirense,STATUS_SCHEDULED,2027-03-21T00:00:00+00:00,,,,0.0,Unknown,Unknown,,0.6,0.4821235179082852,0.24605663563606864,0.2718198464556462,Home Win,Amadora,0.4821235179082852,78.18553513414027,0.2181446486585974,Moderate Risk,No Clear Edge,No bet,Market odds unavailable; betting value cannot be established.,,,,,,2026-09-16T07:35:05.058520+00:00,,,,Not yet assigned,,,
2027-03-21,00:00,Alverca,Benfica,STATUS_SCHEDULED,2027-03-21T00:00:00+00:00,,,,0.0,Unknown,Unknown,0.8,3.4,0.4174059749822441,0.2515220907391139,0.3310719342786421,Home Win,Alverca,0.4174059749822441,88.94551373495851,0.1105448626504149,High Risk,No Clear Edge,No bet,Market odds unavailable; betting value cannot be established.,4.2,0.7898,0.2102,0.5323,0-3,2026-09-16T07:35:05.058520+00:00,,,,Not yet assigned,,,
2027-03-21,00:00,Estoril,Porto,STATUS_SCHEDULED,2027-03-21T00:00:00+00:00,,,,0.0,Unknown,Unknown,0.6,2.2,0.4003528661433503,0.2519107147723473,0.34773641908430253,Home Win,Estoril,0.4003528661433503,91.82192081503571,0.08178079184964289,High Risk,No Clear Edge,No bet,Market odds unavailable; betting value cannot be established.,2.8,0.5305,0.4695,0.4012,0-2,2026-09-16T07:35:05.058520+00:00,,,,Not yet assigned,,,
2027-03-21,00:00,Santa Clara,Maritimo,STATUS_SCHEDULED,2027-03-21T00:00:00+00:00,,,,0.0,Unknown,Unknown,1.0,1.2,0.4642657197987643,0.2653096139435562,0.27042466625767964,Home Win,Santa Clara,0.4642657197987643,80.46021914067907,0.19539780859320927,High Risk,No Clear Edge,No bet,Market odds unavailable; betting value cannot be established.,2.2,0.3773,0.6227,0.4417,0-1,2026-09-16T07:35:05.058520+00:00,,,,Not yet assigned,,,
2027-03-21,00:00,Sp Lisbon,Casa Pia,STATUS_SCHEDULED,2027-03-21T00:00:00+00:00,,,,0.0,Unknown,Unknown,3.0,0.2,0.5065308875748636,0.25917594340549965,0.23429316901963673,Home Win,Sp Lisbon,0.5065308875748636,74.50720375392864,0.2549279624607136,Moderate Risk,No Clear Edge,No bet,Market odds unavailable; betting value cannot be established.,3.2,0.6201,0.3799,0.1722,2-0,2026-09-16T07:35:05.058520+00:00,,,,Not yet assigned,,,
2027-03-21,00:00,Rio Ave,Academico Viseu,STATUS_SCHEDULED,2027-03-21T00:00:00+00:00,,,,0.0,Unknown,Unknown,0.4,1.0,0.45751391557539384,0.24134312138442512,0.3011429630401811,Home Win,Rio Ave,0.45751391557539384,82.54290956565139,0.17457090434348627,High Risk,No Clear Edge,No bet,Market odds unavailable; betting value cannot be established.,1.4,0.1665,0.8335,0.2084,0-0,2026-09-16T07:35:05.058520+00:00,,,,Not yet assigned,,,
2027-03-21,00:00,Famalicao,Sp Braga,STATUS_SCHEDULED,2027-03-21T00:00:00+00:00,,,,0.0,Unknown,Unknown,0.8,1.8,0.44766733371305123,0.24590773761672652,0.3064249286702223,Home Win,Famalicao,0.44766733371305123,84.03393194191506,0.15966068058084934,High Risk,No Clear Edge,No bet,Market odds unavailable; betting value cannot be established.,2.6,0.4816,0.5184,0.4596,0-1,2026-09-16T07:35:05.058520+00:00,,,,Not yet assigned,,,
2027-04-04,01:00,Arouca,Famalicao,STATUS_SCHEDULED,2027-04-04T00:00:00+00:00,,,,0.0,Unknown,Unknown,1.4,0.6,0.4780592282215453,0.2586570284647184,0.2632837433137364,Home Win,Arouca,0.4780592282215453,78.38163844859682,0.2161836155140318,Moderate Risk,No Clear Edge,No bet,Market odds unavailable; betting value cannot be established.,2.0,0.3233,0.6767,0.3399,1-0,2026-09-16T07:35:05.058520+00:00,,,,Not yet assigned,,,
2027-04-04,01:00,Gil Vicente,Santa Clara,STATUS_SCHEDULED,2027-04-04T00:00:00+00:00,,,,0.0,Unknown,Unknown,0.8,1.8,0.4366183904433724,0.2615994488844414,0.3017821606721862,Home Win,Gil Vicente,0.4366183904433724,85.2934249249935,0.14706575075006503,High Risk,No Clear Edge,No bet,Market odds unavailable; betting value cannot be established.,2.6,0.4816,0.5184,0.4596,0-1,2026-09-16T07:35:05.058520+00:00,,,,Not yet assigned,,,
2027-04-04,01:00,Casa Pia,Alverca,STATUS_SCHEDULED,2027-04-04T00:00:00+00:00,,,,0.0,Unknown,Unknown,0.0,1.0,0.4567061235523242,0.23511825517405005,0.30817562127362563,Home Win,Casa Pia,0.4567061235523242,82.92346471692566,0.1707653528307433,High Risk,No Clear Edge,No bet,Market odds unavailable; betting value cannot be established.,1.0,0.0803,0.9197,0.0,0-0,2026-09-16T07:35:05.058520+00:00,,,,Not yet assigned,,,
2027-04-04,01:00,Moreirense,Sp Lisbon,STATUS_SCHEDULED,2027-04-04T00:00:00+00:00,,,,0.0,Unknown,Unknown,0.8,2.8,0.41023193115920253,0.258233772213451,0.3315342966273464,Home Win,Moreirense,0.41023193115920253,89.8993510211741,0.10100648978825902,High Risk,No Clear Edge,No bet,Market odds unavailable; betting value cannot be established.,3.6,0.6973,0.3027,0.5172,0-2,2026-09-16T07:35:05.058520+00:00,,,,Not yet assigned,,,
2027-04-04,01:00,Academico Viseu,Nacional,STATUS_SCHEDULED,2027-04-04T00:00:00+00:00,,,,0.0,Unknown,Unknown,1.0,1.6,0.46086978087516656,0.2479686398227677,0.2911615793020658,Home Win,Academico Viseu,0.46086978087516656,81.71461211940694,0.1828538788059306,High Risk,No Clear Edge,No bet,Market odds unavailable; betting value cannot be established.,2.6,0.4816,0.5184,0.5045,0-1,2026-09-16T07:35:05.058520+00:00,,,,Not yet assigned,,,
2027-04-04,01:00,Sp Braga,Rio Ave,STATUS_SCHEDULED,2027-04-04T00:00:00+00:00,,,,0.0,Unknown,Unknown,1.6,0.6,0.46648656619384193,0.25676453719959524,0.2767488966065629,Home Win,Sp Braga,0.46648656619384193,80.41801340714699,0.19581986592853012,High Risk,No Clear Edge,No bet,Market odds unavailable; betting value cannot be established.,2.2,0.3773,0.6227,0.3601,1-0,2026-09-16T07:35:05.058520+00:00,,,,Not yet assigned,,,
2027-04-04,01:00,Maritimo,Estoril,STATUS_SCHEDULED,2027-04-04T00:00:00+00:00,,,,0.0,Unknown,Unknown,1.4,0.4,0.4854220787236482,0.24505792407067784,0.26951999720567404,Home Win,Maritimo,0.4854220787236482,77.66529397018097,0.22334706029819032,Moderate Risk,No Clear Edge,No bet,Market odds unavailable; betting value cannot be established.,1.8,0.2694,0.7306,0.2484,1-0,2026-09-16T07:35:05.058520+00:00,,,,Not yet assigned,,,
2027-04-04,01:00,Porto,Guimaraes,STATUS_SCHEDULED,2027-04-04T00:00:00+00:00,,,,0.0,Unknown,Unknown,2.0,0.6,0.49763898217418595,0.26918805785119587,0.23317295997461815,Home Win,Porto,0.49763898217418595,76.05879589319645,0.23941204106803549,Moderate Risk,No Clear Edge,No bet,Market odds unavailable; betting value cannot be established.,2.6,0.4816,0.5184,0.3901,1-0,2026-09-16T07:35:05.058520+00:00,,,,Not yet assigned,,,
2027-04-04,01:00,Benfica,Amadora,STATUS_SCHEDULED,2027-04-04T00:00:00+00:00,,,,0.0,Unknown,Unknown,3.6,,0.4576280161291841,0.2751310438372014,0.2672409400336146,Home Win,Benfica,0.4576280161291841,81.51016917677953,0.1848983082322047,High Risk,No Clear Edge,No bet,Market odds unavailable; betting value cannot be established.,,,,,,2026-09-16T07:35:05.058520+00:00,,,,Not yet assigned,,,
2027-04-11,01:00,Sp Lisbon,Porto,STATUS_SCHEDULED,2027-04-11T00:00:00+00:00,,,,0.0,Unknown,Unknown,3.0,2.2,0.43809037456582606,0.2818929947748251,0.28001663065934884,Home Win,Sp Lisbon,0.43809037456582606,84.32315528695062,0.15676844713049373,High Risk,No Clear Edge,No bet,Market odds unavailable; betting value cannot be established.,5.2,0.8912,0.1088,0.8449,2-2,2026-09-16T07:35:05.058520+00:00,,,,Not yet assigned,,,
2027-04-11,01:00,Famalicao,Benfica,STATUS_SCHEDULED,2027-04-11T00:00:00+00:00,,,,0.0,Unknown,Unknown,0.8,3.4,0.424585662908624,0.2524562080185618,0.32295812907281424,Home Win,Famalicao,0.424585662908624,87.69153597563744,0.1230846402436257,High Risk,No Clear Edge,No bet,Market odds unavailable; betting value cannot be established.,4.2,0.7898,0.2102,0.5323,0-3,2026-09-16T07:35:05.058520+00:00,,,,Not yet assigned,,,
2027-04-11,01:00,Nacional,Maritimo,STATUS_SCHEDULED,2027-04-11T00:00:00+00:00,,,,0.0,Unknown,Unknown,1.2,1.2,0.44117396101632234,0.24758076495304873,0.31124527403062896,Home Win,Nacional,0.44117396101632234,85.06951580776517,0.14930484192234827,High Risk,No Clear Edge,No bet,Market odds unavailable; betting value cannot be established.,2.4,0.4303,0.5697,0.4883,1-1,2026-09-16T07:35:05.058520+00:00,,,,Not yet assigned,,,
2027-04-11,01:00,Santa Clara,Moreirense,STATUS_SCHEDULED,2027-04-11T00:00:00+00:00,,,,0.0,Unknown,Unknown,1.0,0.6,0.48616885121379977,0.2613694151944701,0.25246173359173024,Home Win,Santa Clara,0.48616885121379977,77.24895304494017,0.22751046955059837,Moderate Risk,No Clear Edge,No bet,Market odds unavailable; betting value cannot be established.,1.6,0.2166,0.7834,0.2852,0-0,2026-09-16T07:35:05.058520+00:00,,,,Not yet assigned,,,
2027-04-11,01:00,Rio Ave,Arouca,STATUS_SCHEDULED,2027-04-11T00:00:00+00:00,,,,0.0,Unknown,Unknown,0.4,2.0,0.4342365314785198,0.24798149352692087,0.3177819749945594,Home Win,Rio Ave,0.4342365314785198,86.23018187215409,0.13769818127845912,High Risk,No Clear Edge,No bet,Market odds unavailable; betting value cannot be established.,2.4,0.4303,0.5697,0.2851,0-1,2026-09-16T07:35:05.058520+00:00,,,,Not yet assigned,,,
2027-04-11,01:00,Sp Braga,Casa Pia,STATUS_SCHEDULED,2027-04-11T00:00:00+00:00,,,,0.0,Unknown,Unknown,1.6,0.2,0.4800401018624147,0.2541822821846757,0.26577761595290955,Home Win,Sp Braga,0.4800401018624147,78.22084994653802,0.21779150053461976,Moderate Risk,No Clear Edge,No bet,Market odds unavailable; betting value cannot be established.,1.8,0.2694,0.7306,0.1447,1-0,2026-09-16T07:35:05.058520+00:00,,,,Not yet assigned,,,
2027-04-11,01:00,Alverca,Academico Viseu,STATUS_SCHEDULED,2027-04-11T00:00:00+00:00,,,,0.0,Unknown,Unknown,0.8,1.0,0.45047173936079843,0.24060065018003177,0.3089276104591699,Home Win,Alverca,0.45047173936079843,83.76607092742859,0.16233929072571404,High Risk,No Clear Edge,No bet,Market odds unavailable; betting value cannot be established.,1.8,0.2694,0.7306,0.3481,0-0,2026-09-16T07:35:05.058520+00:00,,,,Not yet assigned,,,
2027-04-11,01:00,Amadora,Guimaraes,STATUS_SCHEDULED,2027-04-11T00:00:00+00:00,,,,0.0,Unknown,Unknown,,0.6,0.47987924971688883,0.24580138536109872,0.2743193649220125,Home Win,Amadora,0.47987924971688883,78.57607301213673,0.21423926987863273,Moderate Risk,No Clear Edge,No bet,Market odds unavailable; betting value cannot be established.,,,,,,2026-09-16T07:35:05.058520+00:00,,,,Not yet assigned,,,
2027-04-11,01:00,Estoril,Gil Vicente,STATUS_SCHEDULED,2027-04-11T00:00:00+00:00,,,,0.0,Unknown,Unknown,0.6,0.6,0.43959280955039587,0.24271097428031604,0.31769621616928817,Home Win,Estoril,0.43959280955039587,85.52818112613791,0.14471818873862094,High Risk,No Clear Edge,No bet,Market odds unavailable; betting value cannot be established.,1.2,0.1205,0.8795,0.2036,0-0,2026-09-16T07:35:05.058520+00:00,,,,Not yet assigned,,,
2027-04-18,01:00,Benfica,Nacional,STATUS_SCHEDULED,2027-04-18T00:00:00+00:00,,,,0.0,Unknown,Unknown,3.6,1.6,0.4787612091658314,0.27129251046656533,0.24994628036760325,Home Win,Benfica,0.4787612091658314,78.60346225749628,0.21396537742503718,Moderate Risk,No Clear Edge,No bet,Market odds unavailable; betting value cannot be established.,5.2,0.8912,0.1088,0.7763,3-1,2026-09-16T07:35:05.058520+00:00,,,,Not yet assigned,,,
2027-04-18,01:00,Porto,Santa Clara,STATUS_SCHEDULED,2027-04-18T00:00:00+00:00,,,,0.0,Unknown,Unknown,2.0,1.8,0.4634307505965523,0.28116276363361176,0.25540648576983593,Home Win,Porto,0.4634307505965523,80.98931458611277,0.1901068541388723,High Risk,No Clear Edge,No bet,Market odds unavailable; betting value cannot be established.,3.8,0.7311,0.2689,0.7217,1-1,2026-09-16T07:35:05.058520+00:00,,,,Not yet assigned,,,
2027-04-18,01:00,Maritimo,Sp Lisbon,STATUS_SCHEDULED,2027-04-18T00:00:00+00:00,,,,0.0,Unknown,Unknown,1.4,2.8,0.43201028059443086,0.26068771485490927,0.3073020045506598,Home Win,Maritimo,0.43201028059443086,86.11047662227396,0.13889523377726032,High Risk,No Clear Edge,No bet,Market odds unavailable; betting value cannot be established.,4.2,0.7898,0.2102,0.7076,1-2,2026-09-16T07:35:05.058520+00:00,,,,Not yet assigned,,,
2027-04-18,01:00,Moreirense,Alverca,STATUS_SCHEDULED,2027-04-18T00:00:00+00:00,,,,0.0,Unknown,Unknown,0.8,1.0,0.4637656136373795,0.24413486068611043,0.29209952567651004,Home Win,Moreirense,0.4637656136373795,81.37359705203131,0.18626402947968676,High Risk,No Clear Edge,No bet,Market odds unavailable; betting value cannot be established.,1.8,0.2694,0.7306,0.3481,0-0,2026-09-16T07:35:05.058520+00:00,,,,Not yet assigned,,,
2027-04-18,01:00,Academico Viseu,Famalicao,STATUS_SCHEDULED,2027-04-18T00:00:00+00:00,,,,0.0,Unknown,Unknown,1.0,0.6,0.4627076510773298,0.24614474425766505,0.29114760466500517,Home Win,Academico Viseu,0.4627076510773298,81.47434308550065,0.1852565691449934,High Risk,No Clear Edge,No bet,Market odds unavailable; betting value cannot be established.,1.6,0.2166,0.7834,0.2852,0-0,2026-09-16T07:35:05.058520+00:00,,,,Not yet assigned,,,
2027-04-18,01:00,Guimaraes,Estoril,STATUS_SCHEDULED,2027-04-18T00:00:00+00:00,,,,0.0,Unknown,Unknown,0.6,0.4,0.46685682918144494,0.24240839384991153,0.2907347769686435,Home Win,Guimaraes,0.46685682918144494,80.91699181423671,0.1908300818576329,High Risk,No Clear Edge,No bet,Market odds unavailable; betting value cannot be established.,1.0,0.0803,0.9197,0.1487,0-0,2026-09-16T07:35:05.058520+00:00,,,,Not yet assigned,,,
2027-04-18,01:00,Casa Pia,Rio Ave,STATUS_SCHEDULED,2027-04-18T00:00:00+00:00,,,,0.0,Unknown,Unknown,0.0,0.6,0.4494082404395583,0.23601811415575985,0.31457364540468186,Home Win,Casa Pia,0.4494082404395583,84.1257199802408,0.15874280019759188,High Risk,No Clear Edge,No bet,Market odds unavailable; betting value cannot be established.,0.6,0.0231,0.9769,0.0,0-0,2026-09-16T07:35:05.058520+00:00,,,,Not yet assigned,,,
2027-04-18,01:00,Gil Vicente,Amadora,STATUS_SCHEDULED,2027-04-18T00:00:00+00:00,,,,0.0,Unknown,Unknown,0.8,,0.4482456668371431,0.25461872765331367,0.29713560550954327,Home Win,Gil Vicente,0.4482456668371431,83.59500193248519,0.16404998067514803,High Risk,No Clear Edge,No bet,Market odds unavailable; betting value cannot be established.,,,,,,2026-09-16T07:35:05.058520+00:00,,,,Not yet assigned,,,
2027-04-18,01:00,Arouca,Sp Braga,STATUS_SCHEDULED,2027-04-18T00:00:00+00:00,,,,0.0,Unknown,Unknown,1.4,1.8,0.4628888953049448,0.2675766667252128,0.2695344379698425,Home Win,Arouca,0.4628888953049448,80.6049699242619,0.193950300757381,High Risk,No Clear Edge,No bet,Market odds unavailable; betting value cannot be established.,3.2,0.6201,0.3799,0.6289,1-1,2026-09-16T07:35:05.058520+00:00,,,,Not yet assigned,,,
2027-04-25,01:00,Alverca,Guimaraes,STATUS_SCHEDULED,2027-04-25T00:00:00+00:00,,,,0.0,Unknown,Unknown,0.8,0.6,0.4549694724482055,0.2392426868018203,0.30578784074997417,Home Win,Alverca,0.4549694724482055,83.05654953610262,0.16943450463897383,High Risk,No Clear Edge,No bet,Market odds unavailable; betting value cannot be established.,1.4,0.1665,0.8335,0.2485,0-0,2026-09-16T07:35:05.058520+00:00,,,,Not yet assigned,,,
2027-04-25,01:00,Rio Ave,Maritimo,STATUS_SCHEDULED,2027-04-25T00:00:00+00:00,,,,0.0,Unknown,Unknown,0.4,1.2,0.4417544664618953,0.2429863502891326,0.3152591832489721,Home Win,Rio Ave,0.4417544664618953,85.1508637190604,0.14849136280939607,High Risk,No Clear Edge,No bet,Market odds unavailable; betting value cannot be established.,1.6,0.2166,0.7834,0.2304,0-1,2026-09-16T07:35:05.058520+00:00,,,,Not yet assigned,,,
2027-04-25,01:00,Nacional,Casa Pia,STATUS_SCHEDULED,2027-04-25T00:00:00+00:00,,,,0.0,Unknown,Unknown,1.2,0.2,0.4756915009199783,0.24020786981014228,0.2841006292698795,Home Win,Nacional,0.4756915009199783,79.50504624273724,0.20494953757262752,Moderate Risk,No Clear Edge,No bet,Market odds unavailable; betting value cannot be established.,1.4,0.1665,0.8335,0.1267,1-0,2026-09-16T07:35:05.058520+00:00,,,,Not yet assigned,,,
2027-04-25,01:00,Amadora,Porto,STATUS_SCHEDULED,2027-04-25T00:00:00+00:00,,,,0.0,Unknown,Unknown,,2.2,0.42486690616205774,0.2608164812369995,0.3143166126009426,Home Win,Amadora,0.42486690616205774,87.31670577629022,0.1268329422370978,High Risk,No Clear Edge,No bet,Market odds unavailable; betting value cannot be established.,,,,,,2026-09-16T07:35:05.058520+00:00,,,,Not yet assigned,,,
2027-04-25,01:00,Sp Lisbon,Gil Vicente,STATUS_SCHEDULED,2027-04-25T00:00:00+00:00,,,,0.0,Unknown,Unknown,3.0,0.6,0.4769965701582638,0.2693214623313074,0.2536819675104289,Home Win,Sp Lisbon,0.4769965701582638,78.7565045923211,0.212434954076789,Moderate Risk,No Clear Edge,No bet,Market odds unavailable; betting value cannot be established.,3.6,0.6973,0.3027,0.4287,2-0,2026-09-16T07:35:05.058520+00:00,,,,Not yet assigned,,,
2027-04-25,01:00,Sp Braga,Benfica,STATUS_SCHEDULED,2027-04-25T00:00:00+00:00,,,,0.0,Unknown,Unknown,1.6,3.4,0.4283842217783864,0.2727497282108932,0.2988660500107204,Home Win,Sp Braga,0.4283842217783864,86.25333824671692,0.13746661753283076,High Risk,No Clear Edge,No bet,Market odds unavailable; betting value cannot be established.,5.0,0.8753,0.1247,0.7715,1-3,2026-09-16T07:35:05.058520+00:00,,,,Not yet assigned,,,
2027-04-25,01:00,Santa Clara,Estoril,STATUS_SCHEDULED,2027-04-25T00:00:00+00:00,,,,0.0,Unknown,Unknown,1.0,0.4,0.4915629069815629,0.25767287651711485,0.2507642165013223,Home Win,Santa Clara,0.4915629069815629,76.40073338785716,0.2359926661214284,Moderate Risk,No Clear Edge,No bet,Market odds unavailable; betting value cannot be established.,1.4,0.1665,0.8335,0.2084,0-0,2026-09-16T07:35:05.058520+00:00,,,,Not yet assigned,,,
2027-04-25,01:00,Arouca,Academico Viseu,STATUS_SCHEDULED,2027-04-25T00:00:00+00:00,,,,0.0,Unknown,Unknown,1.4,1.0,0.47301960971169377,0.2623411005865023,0.26463928970180395,Home Win,Arouca,0.47301960971169377,79.09202311289314,0.20907976887106855,Moderate Risk,No Clear Edge,No bet,Market odds unavailable; betting value cannot be established.,2.4,0.4303,0.5697,0.4762,1-0,2026-09-16T07:35:05.058520+00:00,,,,Not yet assigned,,,
2027-04-25,01:00,Famalicao,Moreirense,STATUS_SCHEDULED,2027-04-25T00:00:00+00:00,,,,0.0,Unknown,Unknown,0.8,0.6,0.46453416662795566,0.2401605901053204,0.295305243266724,Home Win,Famalicao,0.46453416662795566,81.39879213287759,0.1860120786712241,High Risk,No Clear Edge,No bet,Market odds unavailable; betting value cannot be established.,1.4,0.1665,0.8335,0.2485,0-0,2026-09-16T07:35:05.058520+00:00,,,,Not yet assigned,,,
2027-05-02,01:00,Gil Vicente,Alverca,STATUS_SCHEDULED,2027-05-02T00:00:00+00:00,,,,0.0,Unknown,Unknown,0.8,1.0,0.47909859546550054,0.2485418051411998,0.2723595993932998,Home Win,Gil Vicente,0.47909859546550054,78.60121100249863,0.2139878899750137,Moderate Risk,No Clear Edge,No bet,Market odds unavailable; betting value cannot be established.,1.8,0.2694,0.7306,0.3481,0-0,2026-09-16T07:35:05.058520+00:00,,,,Not yet assigned,,,
2027-05-02,01:00,Guimaraes,Santa Clara,STATUS_SCHEDULED,2027-05-02T00:00:00+00:00,,,,0.0,Unknown,Unknown,0.6,1.8,0.42454879270745743,0.2544935222456874,0.3209576850468553,Home Win,Guimaraes,0.42454879270745743,87.61806688781728,0.12381933112182725,High Risk,No Clear Edge,No bet,Market odds unavailable; betting value cannot be established.,2.4,0.4303,0.5697,0.3766,0-1,2026-09-16T07:35:05.058520+00:00,,,,Not yet assigned,,,
2027-05-02,01:00,Estoril,Sp Lisbon,STATUS_SCHEDULED,2027-05-02T00:00:00+00:00,,,,0.0,Unknown,Unknown,0.6,2.8,0.40937184570059215,0.24958330501312495,0.3410448492862828,Home Win,Estoril,0.40937184570059215,90.38368814155992,0.09616311858440088,High Risk,No Clear Edge,No bet,Market odds unavailable; betting value cannot be established.,3.4,0.6603,0.3397,0.4238,0-2,2026-09-16T07:35:05.058520+00:00,,,,Not yet assigned,,,
2027-05-02,01:00,Porto,Famalicao,STATUS_SCHEDULED,2027-05-02T00:00:00+00:00,,,,0.0,Unknown,Unknown,2.0,0.6,0.4983458066417602,0.2671163205367087,0.23453787282153118,Home Win,Porto,0.4983458066417602,75.88553341555466,0.24114466584445332,Moderate Risk,No Clear Edge,No bet,Market odds unavailable; betting value cannot be established.,2.6,0.4816,0.5184,0.3901,1-0,2026-09-16T07:35:05.058520+00:00,,,,Not yet assigned,,,
2027-05-02,01:00,Moreirense,Nacional,STATUS_SCHEDULED,2027-05-02T00:00:00+00:00,,,,0.0,Unknown,Unknown,0.8,1.6,0.4545737428980645,0.2469603038002781,0.29846595330165726,Home Win,Moreirense,0.4545737428980645,82.82165779466513,0.17178342205334873,High Risk,No Clear Edge,No bet,Market odds unavailable; betting value cannot be established.,2.4,0.4303,0.5697,0.4395,0-1,2026-09-16T07:35:05.058520+00:00,,,,Not yet assigned,,,
2027-05-02,01:00,Casa Pia,Arouca,STATUS_SCHEDULED,2027-05-02T00:00:00+00:00,,,,0.0,Unknown,Unknown,0.0,2.0,0.42119106112442073,0.24552316871020813,0.3332857701653712,Home Win,Casa Pia,0.42119106112442073,88.53843520763355,0.11461564792366445,High Risk,No Clear Edge,No bet,Market odds unavailable; betting value cannot be established.,2.0,0.3233,0.6767,0.0,0-1,2026-09-16T07:35:05.058520+00:00,,,,Not yet assigned,,,
2027-05-02,01:00,Academico Viseu,Sp Braga,STATUS_SCHEDULED,2027-05-02T00:00:00+00:00,,,,0.0,Unknown,Unknown,1.0,1.8,0.4477033798232266,0.2544504120022902,0.2978462081744832,Home Win,Academico Viseu,0.4477033798232266,83.6935412124937,0.16306458787506306,High Risk,No Clear Edge,No bet,Market odds unavailable; betting value cannot be established.,2.8,0.5305,0.4695,0.5276,0-1,2026-09-16T07:35:05.058520+00:00,,,,Not yet assigned,,,
2027-05-02,01:00,Maritimo,Amadora,STATUS_SCHEDULED,2027-05-02T00:00:00+00:00,,,,0.0,Unknown,Unknown,1.4,,0.4547544918969257,0.25127590719490756,0.29396960090816665,Home Win,Maritimo,0.4547544918969257,82.62213761419882,0.17377862385801182,High Risk,No Clear Edge,No bet,Market odds unavailable; betting value cannot be established.,,,,,,2026-09-16T07:35:05.058520+00:00,,,,Not yet assigned,,,
2027-05-02,01:00,Benfica,Rio Ave,STATUS_SCHEDULED,2027-05-02T00:00:00+00:00,,,,0.0,Unknown,Unknown,3.6,0.6,0.4808557044821399,0.26933752196644156,0.2498067735514186,Home Win,Benfica,0.4808557044821399,78.25376766623381,0.21746232333766183,Moderate Risk,No Clear Edge,No bet,Market odds unavailable; betting value cannot be established.,4.2,0.7898,0.2102,0.4389,3-0,2026-09-16T07:35:05.058520+00:00,,,,Not yet assigned,,,
2027-05-09,01:00,Sp Lisbon,Benfica,STATUS_SCHEDULED,2027-05-09T00:00:00+00:00,,,,0.0,Unknown,Unknown,3.0,3.4,0.45493852870695745,0.2799010824981926,0.26516038879485,Home Win,Sp Lisbon,0.45493852870695745,82.04762557076091,0.17952374429239085,High Risk,No Clear Edge,No bet,Market odds unavailable; betting value cannot be established.,6.4,0.9537,0.0463,0.9185,2-3,2026-09-16T07:35:05.058520+00:00,,,,Not yet assigned,,,
2027-05-09,01:00,Amadora,Santa Clara,STATUS_SCHEDULED,2027-05-09T00:00:00+00:00,,,,0.0,Unknown,Unknown,,1.8,0.4450653494466568,0.25568644126580037,0.29924820928754287,Home Win,Amadora,0.4450653494466568,84.09249304429645,0.1590750695570356,High Risk,No Clear Edge,No bet,Market odds unavailable; betting value cannot be established.,,,,,,2026-09-16T07:35:05.058520+00:00,,,,Not yet assigned,,,
2027-05-09,01:00,Rio Ave,Guimaraes,STATUS_SCHEDULED,2027-05-09T00:00:00+00:00,,,,0.0,Unknown,Unknown,0.4,0.6,0.462014857791803,0.23994611747048197,0.29803902473771504,Home Win,Rio Ave,0.462014857791803,81.83437169080584,0.18165628309194157,High Risk,No Clear Edge,No bet,Market odds unavailable; betting value cannot be established.,1.0,0.0803,0.9197,0.1487,0-0,2026-09-16T07:35:05.058520+00:00,,,,Not yet assigned,,,
2027-05-09,01:00,Academico Viseu,Moreirense,STATUS_SCHEDULED,2027-05-09T00:00:00+00:00,,,,0.0,Unknown,Unknown,1.0,0.6,0.4645190734989779,0.24847553101724418,0.287005395483778,Home Win,Academico Viseu,0.4645190734989779,81.07598414949854,0.18924015850501463,High Risk,No Clear Edge,No bet,Market odds unavailable; betting value cannot be established.,1.6,0.2166,0.7834,0.2852,0-0,2026-09-16T07:35:05.058520+00:00,,,,Not yet assigned,,,
2027-05-09,01:00,Famalicao,Casa Pia,STATUS_SCHEDULED,2027-05-09T00:00:00+00:00,,,,0.0,Unknown,Unknown,0.8,0.2,0.47661465629115585,0.23568124201048393,0.2877041016983603,Home Win,Famalicao,0.47661465629115585,79.52564011543726,0.20474359884562748,Moderate Risk,No Clear Edge,No bet,Market odds unavailable; betting value cannot be established.,1.0,0.0803,0.9197,0.0998,0-0,2026-09-16T07:35:05.058520+00:00,,,,Not yet assigned,,,
2027-05-09,01:00,Sp Braga,Maritimo,STATUS_SCHEDULED,2027-05-09T00:00:00+00:00,,,,0.0,Unknown,Unknown,1.6,1.2,0.44593715120439475,0.2624137573015303,0.2916490914940749,Home Win,Sp Braga,0.44593715120439475,83.68142298832537,0.16318577011674643,High Risk,No Clear Edge,No bet,Market odds unavailable; betting value cannot be established.,2.8,0.5305,0.4695,0.5577,1-1,2026-09-16T07:35:05.058520+00:00,,,,Not yet assigned,,,
2027-05-09,01:00,Alverca,Estoril,STATUS_SCHEDULED,2027-05-09T00:00:00+00:00,,,,0.0,Unknown,Unknown,0.8,0.4,0.46252164825847336,0.2362842935660194,0.30119405817550726,Home Win,Alverca,0.46252164825847336,81.89172641663203,0.1810827358336798,High Risk,No Clear Edge,No bet,Market odds unavailable; betting value cannot be established.,1.2,0.1205,0.8795,0.1815,0-0,2026-09-16T07:35:05.058520+00:00,,,,Not yet assigned,,,
2027-05-09,01:00,Arouca,Gil Vicente,STATUS_SCHEDULED,2027-05-09T00:00:00+00:00,,,,0.0,Unknown,Unknown,1.4,0.6,0.4619682652992448,0.2652719981336148,0.27275973656714037,Home Win,Arouca,0.4619682652992448,80.85125943533443,0.19148740564665565,High Risk,No Clear Edge,No bet,Market odds unavailable; betting value cannot be established.,2.0,0.3233,0.6767,0.3399,1-0,2026-09-16T07:35:05.058520+00:00,,,,Not yet assigned,,,
2027-05-09,01:00,Nacional,Porto,STATUS_SCHEDULED,2027-05-09T00:00:00+00:00,,,,0.0,Unknown,Unknown,1.2,2.2,0.4064492496824318,0.2581071191010966,0.3354436312164715,Home Win,Nacional,0.4064492496824318,90.54571821945778,0.09454281780542217,High Risk,No Clear Edge,No bet,Market odds unavailable; betting value cannot be established.,3.4,0.6603,0.3397,0.6214,1-2,2026-09-16T07:35:05.058520+00:00,,,,Not yet assigned,,,
2027-05-16,01:00,Maritimo,Alverca,STATUS_SCHEDULED,2027-05-16T00:00:00+00:00,,,,0.0,Unknown,Unknown,1.4,1.0,0.48567088217821747,0.2450847143412618,0.26924440348052076,Home Win,Maritimo,0.48567088217821747,77.62205724338332,0.22377942756616676,Moderate Risk,No Clear Edge,No bet,Market odds unavailable; betting value cannot be established.,2.4,0.4303,0.5697,0.4762,1-0,2026-09-16T07:35:05.058520+00:00,,,,Not yet assigned,,,
2027-05-16,01:00,Gil Vicente,Nacional,STATUS_SCHEDULED,2027-05-16T00:00:00+00:00,,,,0.0,Unknown,Unknown,0.8,1.6,0.46992384655075353,0.25159012180602813,0.2784860316432183,Home Win,Gil Vicente,0.46992384655075353,80.03764734028852,0.1996235265971148,High Risk,No Clear Edge,No bet,Market odds unavailable; betting value cannot be established.,2.4,0.4303,0.5697,0.4395,0-1,2026-09-16T07:35:05.058520+00:00,,,,Not yet assigned,,,
2027-05-16,01:00,Benfica,Arouca,STATUS_SCHEDULED,2027-05-16T00:00:00+00:00,,,,0.0,Unknown,Unknown,3.6,2.0,0.45269446585663625,0.2814467922580624,0.26585874188530145,Home Win,Benfica,0.45269446585663625,82.40081371575424,0.17599186284245763,High Risk,No Clear Edge,No bet,Market odds unavailable; betting value cannot be established.,5.6,0.9176,0.0824,0.841,3-1,2026-09-16T07:35:05.058520+00:00,,,,Not yet assigned,,,
2027-05-16,01:00,Estoril,Amadora,STATUS_SCHEDULED,2027-05-16T00:00:00+00:00,,,,0.0,Unknown,Unknown,0.6,,0.4318980845880797,0.24111609822841448,0.32698581718350594,Home Win,Estoril,0.4318980845880797,86.89534703047464,0.13104652969525366,High Risk,No Clear Edge,No bet,Market odds unavailable; betting value cannot be established.,,,,,,2026-09-16T07:35:05.058520+00:00,,,,Not yet assigned,,,
2027-05-16,01:00,Porto,Sp Braga,STATUS_SCHEDULED,2027-05-16T00:00:00+00:00,,,,0.0,Unknown,Unknown,2.0,1.8,0.48303141598169824,0.2766138316813857,0.24035475233691614,Home Win,Porto,0.48303141598169824,78.25470437252837,0.21745295627471634,Moderate Risk,No Clear Edge,No bet,Market odds unavailable; betting value cannot be established.,3.8,0.7311,0.2689,0.7217,1-1,2026-09-16T07:35:05.058520+00:00,,,,Not yet assigned,,,
2027-05-16,01:00,Casa Pia,Academico Viseu,STATUS_SCHEDULED,2027-05-16T00:00:00+00:00,,,,0.0,Unknown,Unknown,0.0,1.0,0.44441143512073367,0.23929645400152022,0.3162921108777461,Home Win,Casa Pia,0.44441143512073367,84.84472149685959,0.15155278503140407,High Risk,No Clear Edge,No bet,Market odds unavailable; betting value cannot be established.,1.0,0.0803,0.9197,0.0,0-0,2026-09-16T07:35:05.058520+00:00,,,,Not yet assigned,,,
2027-05-16,01:00,Guimaraes,Famalicao,STATUS_SCHEDULED,2027-05-16T00:00:00+00:00,,,,0.0,Unknown,Unknown,0.6,0.6,0.45973099963622127,0.24347230720670615,0.29679669315707263,Home Win,Guimaraes,0.45973099963622127,82.08365325794354,0.17916346742056458,High Risk,No Clear Edge,No bet,Market odds unavailable; betting value cannot be established.,1.2,0.1205,0.8795,0.2036,0-0,2026-09-16T07:35:05.058520+00:00,,,,Not yet assigned,,,
2027-05-16,01:00,Santa Clara,Sp Lisbon,STATUS_SCHEDULED,2027-05-16T00:00:00+00:00,,,,0.0,Unknown,Unknown,1.0,2.8,0.43857200142303354,0.2747943273996204,0.28663367117734617,Home Win,Santa Clara,0.43857200142303354,84.44583912132656,0.15554160878673443,High Risk,No Clear Edge,No bet,Market odds unavailable; betting value cannot be established.,3.8,0.7311,0.2689,0.5937,0-2,2026-09-16T07:35:05.058520+00:00,,,,Not yet assigned,,,
2027-05-16,01:00,Moreirense,Rio Ave,STATUS_SCHEDULED,2027-05-16T00:00:00+00:00,,,,0.0,Unknown,Unknown,0.8,0.6,0.45654304401083434,0.24517025163894568,0.29828670435022003,Home Win,Moreirense,0.45654304401083434,82.55777834272587,0.17442221657274126,High Risk,No Clear Edge,No bet,Market odds unavailable; betting value cannot be established.,1.4,0.1665,0.8335,0.2485,0-0,2026-09-16T07:35:05.058520+00:00,,,,Not yet assigned,,,
